"Block1","dist","agent","persona"
1,"document_only","agent_3","persona_1"
1,"integrated","agent_1","persona_1"
1,"integrated","agent_2","persona_1"
1,"memory_only","agent_3","persona_1"
1,"document_only","agent_3","persona_2"
1,"integrated","agent_1","persona_2"
1,"integrated","agent_2","persona_2"
1,"memory_only","agent_3","persona_2"
1,"document_only","agent_3","persona_3"
1,"integrated","agent_1","persona_3"
1,"integrated","agent_2","persona_3"
1,"memory_only","agent_3","persona_3"
2,"integrated","agent_1","persona_1"
2,"integrated","agent_3","persona_1"
2,"memory_only","agent_2","persona_1"
2,"memory_only","agent_3","persona_1"
2,"integrated","agent_1","persona_2"
2,"integrated","agent_3","persona_2"
2,"memory_only","agent_2","persona_2"
2,"memory_only","agent_3","persona_2"
2,"integrated","agent_1","persona_3"
2,"integrated","agent_3","persona_3"
2,"memory_only","agent_2","persona_3"
2,"memory_only","agent_3","persona_3"
3,"document_only","agent_3","persona_1"
3,"integrated","agent_1","persona_1"
3,"memory_only","agent_2","persona_1"
3,"memory_only","agent_3","persona_1"
3,"document_only","agent_3","persona_2"
3,"integrated","agent_1","persona_2"
3,"memory_only","agent_2","persona_2"
3,"memory_only","agent_3","persona_2"
3,"document_only","agent_3","persona_3"
3,"integrated","agent_1","persona_3"
3,"memory_only","agent_2","persona_3"
3,"memory_only","agent_3","persona_3"
4,"integrated","agent_1","persona_1"
4,"memory_only","agent_1","persona_1"
4,"memory_only","agent_2","persona_1"
4,"memory_only","agent_3","persona_1"
4,"integrated","agent_1","persona_2"
4,"memory_only","agent_1","persona_2"
4,"memory_only","agent_2","persona_2"
4,"memory_only","agent_3","persona_2"
4,"integrated","agent_1","persona_3"
4,"memory_only","agent_1","persona_3"
4,"memory_only","agent_2","persona_3"
4,"memory_only","agent_3","persona_3"
5,"integrated","agent_1","persona_1"
5,"integrated","agent_3","persona_1"
5,"memory_only","agent_2","persona_1"
5,"memory_only","agent_3","persona_1"
5,"integrated","agent_1","persona_2"
5,"integrated","agent_3","persona_2"
5,"memory_only","agent_2","persona_2"
5,"memory_only","agent_3","persona_2"
5,"integrated","agent_1","persona_3"
5,"integrated","agent_3","persona_3"
5,"memory_only","agent_2","persona_3"
5,"memory_only","agent_3","persona_3"
6,"integrated","agent_1","persona_1"
6,"integrated","agent_3","persona_1"
6,"memory_only","agent_1","persona_1"
6,"memory_only","agent_3","persona_1"
6,"integrated","agent_1","persona_2"
6,"integrated","agent_3","persona_2"
6,"memory_only","agent_1","persona_2"
6,"memory_only","agent_3","persona_2"
6,"integrated","agent_1","persona_3"
6,"integrated","agent_3","persona_3"
6,"memory_only","agent_1","persona_3"
6,"memory_only","agent_3","persona_3"
7,"integrated","agent_1","persona_1"
7,"integrated","agent_3","persona_1"
7,"memory_only","agent_1","persona_1"
7,"memory_only","agent_2","persona_1"
7,"integrated","agent_1","persona_2"
7,"integrated","agent_3","persona_2"
7,"memory_only","agent_1","persona_2"
7,"memory_only","agent_2","persona_2"
7,"integrated","agent_1","persona_3"
7,"integrated","agent_3","persona_3"
7,"memory_only","agent_1","persona_3"
7,"memory_only","agent_2","persona_3"
8,"document_only","agent_3","persona_1"
8,"integrated","agent_1","persona_1"
8,"integrated","agent_3","persona_1"
8,"memory_only","agent_2","persona_1"
8,"document_only","agent_3","persona_2"
8,"integrated","agent_1","persona_2"
8,"integrated","agent_3","persona_2"
8,"memory_only","agent_2","persona_2"
8,"document_only","agent_3","persona_3"
8,"integrated","agent_1","persona_3"
8,"integrated","agent_3","persona_3"
8,"memory_only","agent_2","persona_3"
9,"document_only","agent_3","persona_1"
9,"integrated","agent_1","persona_1"
9,"memory_only","agent_2","persona_1"
9,"memory_only","agent_3","persona_1"
9,"document_only","agent_3","persona_2"
9,"integrated","agent_1","persona_2"
9,"memory_only","agent_2","persona_2"
9,"memory_only","agent_3","persona_2"
9,"document_only","agent_3","persona_3"
9,"integrated","agent_1","persona_3"
9,"memory_only","agent_2","persona_3"
9,"memory_only","agent_3","persona_3"
10,"document_only","agent_3","persona_1"
10,"integrated","agent_2","persona_1"
10,"memory_only","agent_2","persona_1"
10,"memory_only","agent_3","persona_1"
10,"document_only","agent_3","persona_2"
10,"integrated","agent_2","persona_2"
10,"memory_only","agent_2","persona_2"
10,"memory_only","agent_3","persona_2"
10,"document_only","agent_3","persona_3"
10,"integrated","agent_2","persona_3"
10,"memory_only","agent_2","persona_3"
10,"memory_only","agent_3","persona_3"
11,"document_only","agent_3","persona_1"
11,"integrated","agent_1","persona_1"
11,"memory_only","agent_1","persona_1"
11,"memory_only","agent_3","persona_1"
11,"document_only","agent_3","persona_2"
11,"integrated","agent_1","persona_2"
11,"memory_only","agent_1","persona_2"
11,"memory_only","agent_3","persona_2"
11,"document_only","agent_3","persona_3"
11,"integrated","agent_1","persona_3"
11,"memory_only","agent_1","persona_3"
11,"memory_only","agent_3","persona_3"
12,"document_only","agent_3","persona_1"
12,"integrated","agent_1","persona_1"
12,"integrated","agent_3","persona_1"
12,"memory_only","agent_1","persona_1"
12,"document_only","agent_3","persona_2"
12,"integrated","agent_1","persona_2"
12,"integrated","agent_3","persona_2"
12,"memory_only","agent_1","persona_2"
12,"document_only","agent_3","persona_3"
12,"integrated","agent_1","persona_3"
12,"integrated","agent_3","persona_3"
12,"memory_only","agent_1","persona_3"
13,"integrated","agent_1","persona_1"
13,"integrated","agent_2","persona_1"
13,"memory_only","agent_1","persona_1"
13,"memory_only","agent_3","persona_1"
13,"integrated","agent_1","persona_2"
13,"integrated","agent_2","persona_2"
13,"memory_only","agent_1","persona_2"
13,"memory_only","agent_3","persona_2"
13,"integrated","agent_1","persona_3"
13,"integrated","agent_2","persona_3"
13,"memory_only","agent_1","persona_3"
13,"memory_only","agent_3","persona_3"
14,"integrated","agent_1","persona_1"
14,"integrated","agent_2","persona_1"
14,"memory_only","agent_1","persona_1"
14,"memory_only","agent_2","persona_1"
14,"integrated","agent_1","persona_2"
14,"integrated","agent_2","persona_2"
14,"memory_only","agent_1","persona_2"
14,"memory_only","agent_2","persona_2"
14,"integrated","agent_1","persona_3"
14,"integrated","agent_2","persona_3"
14,"memory_only","agent_1","persona_3"
14,"memory_only","agent_2","persona_3"
15,"document_only","agent_4","persona_1"
15,"integrated","agent_1","persona_1"
15,"memory_only","agent_2","persona_1"
15,"memory_only","agent_3","persona_1"
15,"document_only","agent_4","persona_2"
15,"integrated","agent_1","persona_2"
15,"memory_only","agent_2","persona_2"
15,"memory_only","agent_3","persona_2"
15,"document_only","agent_4","persona_3"
15,"integrated","agent_1","persona_3"
15,"memory_only","agent_2","persona_3"
15,"memory_only","agent_3","persona_3"
16,"document_only","agent_4","persona_1"
16,"integrated","agent_1","persona_1"
16,"integrated","agent_3","persona_1"
16,"memory_only","agent_2","persona_1"
16,"document_only","agent_4","persona_2"
16,"integrated","agent_1","persona_2"
16,"integrated","agent_3","persona_2"
16,"memory_only","agent_2","persona_2"
16,"document_only","agent_4","persona_3"
16,"integrated","agent_1","persona_3"
16,"integrated","agent_3","persona_3"
16,"memory_only","agent_2","persona_3"
17,"document_only","agent_1","persona_1"
17,"document_only","agent_3","persona_1"
17,"integrated","agent_3","persona_1"
17,"memory_only","agent_1","persona_1"
17,"document_only","agent_1","persona_2"
17,"document_only","agent_3","persona_2"
17,"integrated","agent_3","persona_2"
17,"memory_only","agent_1","persona_2"
17,"document_only","agent_1","persona_3"
17,"document_only","agent_3","persona_3"
17,"integrated","agent_3","persona_3"
17,"memory_only","agent_1","persona_3"
18,"document_only","agent_3","persona_1"
18,"memory_only","agent_2","persona_1"
18,"memory_only","agent_3","persona_1"
18,"memory_only","agent_4","persona_1"
18,"document_only","agent_3","persona_2"
18,"memory_only","agent_2","persona_2"
18,"memory_only","agent_3","persona_2"
18,"memory_only","agent_4","persona_2"
18,"document_only","agent_3","persona_3"
18,"memory_only","agent_2","persona_3"
18,"memory_only","agent_3","persona_3"
18,"memory_only","agent_4","persona_3"
19,"integrated","agent_1","persona_1"
19,"memory_only","agent_1","persona_1"
19,"memory_only","agent_3","persona_1"
19,"memory_only","agent_4","persona_1"
19,"integrated","agent_1","persona_2"
19,"memory_only","agent_1","persona_2"
19,"memory_only","agent_3","persona_2"
19,"memory_only","agent_4","persona_2"
19,"integrated","agent_1","persona_3"
19,"memory_only","agent_1","persona_3"
19,"memory_only","agent_3","persona_3"
19,"memory_only","agent_4","persona_3"
20,"document_only","agent_1","persona_1"
20,"integrated","agent_3","persona_1"
20,"integrated","agent_4","persona_1"
20,"memory_only","agent_1","persona_1"
20,"document_only","agent_1","persona_2"
20,"integrated","agent_3","persona_2"
20,"integrated","agent_4","persona_2"
20,"memory_only","agent_1","persona_2"
20,"document_only","agent_1","persona_3"
20,"integrated","agent_3","persona_3"
20,"integrated","agent_4","persona_3"
20,"memory_only","agent_1","persona_3"
21,"document_only","agent_1","persona_1"
21,"document_only","agent_3","persona_1"
21,"memory_only","agent_1","persona_1"
21,"memory_only","agent_2","persona_1"
21,"document_only","agent_1","persona_2"
21,"document_only","agent_3","persona_2"
21,"memory_only","agent_1","persona_2"
21,"memory_only","agent_2","persona_2"
21,"document_only","agent_1","persona_3"
21,"document_only","agent_3","persona_3"
21,"memory_only","agent_1","persona_3"
21,"memory_only","agent_2","persona_3"
22,"document_only","agent_4","persona_1"
22,"integrated","agent_1","persona_1"
22,"integrated","agent_2","persona_1"
22,"memory_only","agent_2","persona_1"
22,"document_only","agent_4","persona_2"
22,"integrated","agent_1","persona_2"
22,"integrated","agent_2","persona_2"
22,"memory_only","agent_2","persona_2"
22,"document_only","agent_4","persona_3"
22,"integrated","agent_1","persona_3"
22,"integrated","agent_2","persona_3"
22,"memory_only","agent_2","persona_3"
23,"document_only","agent_1","persona_1"
23,"document_only","agent_3","persona_1"
23,"memory_only","agent_1","persona_1"
23,"memory_only","agent_2","persona_1"
23,"document_only","agent_1","persona_2"
23,"document_only","agent_3","persona_2"
23,"memory_only","agent_1","persona_2"
23,"memory_only","agent_2","persona_2"
23,"document_only","agent_1","persona_3"
23,"document_only","agent_3","persona_3"
23,"memory_only","agent_1","persona_3"
23,"memory_only","agent_2","persona_3"
24,"document_only","agent_1","persona_1"
24,"document_only","agent_2","persona_1"
24,"integrated","agent_1","persona_1"
24,"memory_only","agent_3","persona_1"
24,"document_only","agent_1","persona_2"
24,"document_only","agent_2","persona_2"
24,"integrated","agent_1","persona_2"
24,"memory_only","agent_3","persona_2"
24,"document_only","agent_1","persona_3"
24,"document_only","agent_2","persona_3"
24,"integrated","agent_1","persona_3"
24,"memory_only","agent_3","persona_3"
25,"integrated","agent_4","persona_1"
25,"memory_only","agent_1","persona_1"
25,"memory_only","agent_2","persona_1"
25,"memory_only","agent_3","persona_1"
25,"integrated","agent_4","persona_2"
25,"memory_only","agent_1","persona_2"
25,"memory_only","agent_2","persona_2"
25,"memory_only","agent_3","persona_2"
25,"integrated","agent_4","persona_3"
25,"memory_only","agent_1","persona_3"
25,"memory_only","agent_2","persona_3"
25,"memory_only","agent_3","persona_3"
26,"document_only","agent_1","persona_1"
26,"document_only","agent_3","persona_1"
26,"document_only","agent_4","persona_1"
26,"memory_only","agent_1","persona_1"
26,"document_only","agent_1","persona_2"
26,"document_only","agent_3","persona_2"
26,"document_only","agent_4","persona_2"
26,"memory_only","agent_1","persona_2"
26,"document_only","agent_1","persona_3"
26,"document_only","agent_3","persona_3"
26,"document_only","agent_4","persona_3"
26,"memory_only","agent_1","persona_3"
27,"document_only","agent_4","persona_1"
27,"integrated","agent_4","persona_1"
27,"memory_only","agent_1","persona_1"
27,"memory_only","agent_2","persona_1"
27,"document_only","agent_4","persona_2"
27,"integrated","agent_4","persona_2"
27,"memory_only","agent_1","persona_2"
27,"memory_only","agent_2","persona_2"
27,"document_only","agent_4","persona_3"
27,"integrated","agent_4","persona_3"
27,"memory_only","agent_1","persona_3"
27,"memory_only","agent_2","persona_3"
28,"document_only","agent_1","persona_1"
28,"document_only","agent_4","persona_1"
28,"integrated","agent_1","persona_1"
28,"integrated","agent_2","persona_1"
28,"document_only","agent_1","persona_2"
28,"document_only","agent_4","persona_2"
28,"integrated","agent_1","persona_2"
28,"integrated","agent_2","persona_2"
28,"document_only","agent_1","persona_3"
28,"document_only","agent_4","persona_3"
28,"integrated","agent_1","persona_3"
28,"integrated","agent_2","persona_3"
29,"document_only","agent_3","persona_1"
29,"integrated","agent_3","persona_1"
29,"integrated","agent_4","persona_1"
29,"memory_only","agent_2","persona_1"
29,"document_only","agent_3","persona_2"
29,"integrated","agent_3","persona_2"
29,"integrated","agent_4","persona_2"
29,"memory_only","agent_2","persona_2"
29,"document_only","agent_3","persona_3"
29,"integrated","agent_3","persona_3"
29,"integrated","agent_4","persona_3"
29,"memory_only","agent_2","persona_3"
30,"integrated","agent_2","persona_1"
30,"memory_only","agent_2","persona_1"
30,"memory_only","agent_3","persona_1"
30,"memory_only","agent_4","persona_1"
30,"integrated","agent_2","persona_2"
30,"memory_only","agent_2","persona_2"
30,"memory_only","agent_3","persona_2"
30,"memory_only","agent_4","persona_2"
30,"integrated","agent_2","persona_3"
30,"memory_only","agent_2","persona_3"
30,"memory_only","agent_3","persona_3"
30,"memory_only","agent_4","persona_3"
31,"document_only","agent_2","persona_1"
31,"document_only","agent_4","persona_1"
31,"integrated","agent_4","persona_1"
31,"memory_only","agent_4","persona_1"
31,"document_only","agent_2","persona_2"
31,"document_only","agent_4","persona_2"
31,"integrated","agent_4","persona_2"
31,"memory_only","agent_4","persona_2"
31,"document_only","agent_2","persona_3"
31,"document_only","agent_4","persona_3"
31,"integrated","agent_4","persona_3"
31,"memory_only","agent_4","persona_3"
32,"document_only","agent_4","persona_1"
32,"integrated","agent_2","persona_1"
32,"memory_only","agent_2","persona_1"
32,"memory_only","agent_3","persona_1"
32,"document_only","agent_4","persona_2"
32,"integrated","agent_2","persona_2"
32,"memory_only","agent_2","persona_2"
32,"memory_only","agent_3","persona_2"
32,"document_only","agent_4","persona_3"
32,"integrated","agent_2","persona_3"
32,"memory_only","agent_2","persona_3"
32,"memory_only","agent_3","persona_3"
33,"integrated","agent_1","persona_1"
33,"integrated","agent_4","persona_1"
33,"memory_only","agent_2","persona_1"
33,"memory_only","agent_4","persona_1"
33,"integrated","agent_1","persona_2"
33,"integrated","agent_4","persona_2"
33,"memory_only","agent_2","persona_2"
33,"memory_only","agent_4","persona_2"
33,"integrated","agent_1","persona_3"
33,"integrated","agent_4","persona_3"
33,"memory_only","agent_2","persona_3"
33,"memory_only","agent_4","persona_3"
34,"document_only","agent_2","persona_1"
34,"integrated","agent_1","persona_1"
34,"integrated","agent_3","persona_1"
34,"memory_only","agent_4","persona_1"
34,"document_only","agent_2","persona_2"
34,"integrated","agent_1","persona_2"
34,"integrated","agent_3","persona_2"
34,"memory_only","agent_4","persona_2"
34,"document_only","agent_2","persona_3"
34,"integrated","agent_1","persona_3"
34,"integrated","agent_3","persona_3"
34,"memory_only","agent_4","persona_3"
35,"document_only","agent_4","persona_1"
35,"integrated","agent_4","persona_1"
35,"memory_only","agent_3","persona_1"
35,"memory_only","agent_4","persona_1"
35,"document_only","agent_4","persona_2"
35,"integrated","agent_4","persona_2"
35,"memory_only","agent_3","persona_2"
35,"memory_only","agent_4","persona_2"
35,"document_only","agent_4","persona_3"
35,"integrated","agent_4","persona_3"
35,"memory_only","agent_3","persona_3"
35,"memory_only","agent_4","persona_3"
36,"document_only","agent_1","persona_1"
36,"document_only","agent_3","persona_1"
36,"integrated","agent_4","persona_1"
36,"memory_only","agent_1","persona_1"
36,"document_only","agent_1","persona_2"
36,"document_only","agent_3","persona_2"
36,"integrated","agent_4","persona_2"
36,"memory_only","agent_1","persona_2"
36,"document_only","agent_1","persona_3"
36,"document_only","agent_3","persona_3"
36,"integrated","agent_4","persona_3"
36,"memory_only","agent_1","persona_3"
37,"document_only","agent_2","persona_1"
37,"document_only","agent_3","persona_1"
37,"document_only","agent_4","persona_1"
37,"integrated","agent_3","persona_1"
37,"document_only","agent_2","persona_2"
37,"document_only","agent_3","persona_2"
37,"document_only","agent_4","persona_2"
37,"integrated","agent_3","persona_2"
37,"document_only","agent_2","persona_3"
37,"document_only","agent_3","persona_3"
37,"document_only","agent_4","persona_3"
37,"integrated","agent_3","persona_3"
38,"document_only","agent_2","persona_1"
38,"document_only","agent_4","persona_1"
38,"integrated","agent_3","persona_1"
38,"integrated","agent_4","persona_1"
38,"document_only","agent_2","persona_2"
38,"document_only","agent_4","persona_2"
38,"integrated","agent_3","persona_2"
38,"integrated","agent_4","persona_2"
38,"document_only","agent_2","persona_3"
38,"document_only","agent_4","persona_3"
38,"integrated","agent_3","persona_3"
38,"integrated","agent_4","persona_3"
39,"document_only","agent_3","persona_1"
39,"document_only","agent_4","persona_1"
39,"memory_only","agent_1","persona_1"
39,"memory_only","agent_4","persona_1"
39,"document_only","agent_3","persona_2"
39,"document_only","agent_4","persona_2"
39,"memory_only","agent_1","persona_2"
39,"memory_only","agent_4","persona_2"
39,"document_only","agent_3","persona_3"
39,"document_only","agent_4","persona_3"
39,"memory_only","agent_1","persona_3"
39,"memory_only","agent_4","persona_3"
40,"document_only","agent_3","persona_1"
40,"integrated","agent_4","persona_1"
40,"memory_only","agent_3","persona_1"
40,"memory_only","agent_4","persona_1"
40,"document_only","agent_3","persona_2"
40,"integrated","agent_4","persona_2"
40,"memory_only","agent_3","persona_2"
40,"memory_only","agent_4","persona_2"
40,"document_only","agent_3","persona_3"
40,"integrated","agent_4","persona_3"
40,"memory_only","agent_3","persona_3"
40,"memory_only","agent_4","persona_3"
41,"document_only","agent_1","persona_1"
41,"document_only","agent_4","persona_1"
41,"integrated","agent_1","persona_1"
41,"integrated","agent_2","persona_1"
41,"document_only","agent_1","persona_2"
41,"document_only","agent_4","persona_2"
41,"integrated","agent_1","persona_2"
41,"integrated","agent_2","persona_2"
41,"document_only","agent_1","persona_3"
41,"document_only","agent_4","persona_3"
41,"integrated","agent_1","persona_3"
41,"integrated","agent_2","persona_3"
42,"document_only","agent_2","persona_1"
42,"document_only","agent_3","persona_1"
42,"integrated","agent_1","persona_1"
42,"integrated","agent_4","persona_1"
42,"document_only","agent_2","persona_2"
42,"document_only","agent_3","persona_2"
42,"integrated","agent_1","persona_2"
42,"integrated","agent_4","persona_2"
42,"document_only","agent_2","persona_3"
42,"document_only","agent_3","persona_3"
42,"integrated","agent_1","persona_3"
42,"integrated","agent_4","persona_3"
43,"document_only","agent_4","persona_1"
43,"integrated","agent_3","persona_1"
43,"memory_only","agent_1","persona_1"
43,"memory_only","agent_4","persona_1"
43,"document_only","agent_4","persona_2"
43,"integrated","agent_3","persona_2"
43,"memory_only","agent_1","persona_2"
43,"memory_only","agent_4","persona_2"
43,"document_only","agent_4","persona_3"
43,"integrated","agent_3","persona_3"
43,"memory_only","agent_1","persona_3"
43,"memory_only","agent_4","persona_3"
44,"document_only","agent_2","persona_1"
44,"integrated","agent_1","persona_1"
44,"integrated","agent_2","persona_1"
44,"memory_only","agent_2","persona_1"
44,"document_only","agent_2","persona_2"
44,"integrated","agent_1","persona_2"
44,"integrated","agent_2","persona_2"
44,"memory_only","agent_2","persona_2"
44,"document_only","agent_2","persona_3"
44,"integrated","agent_1","persona_3"
44,"integrated","agent_2","persona_3"
44,"memory_only","agent_2","persona_3"
45,"document_only","agent_1","persona_1"
45,"document_only","agent_2","persona_1"
45,"document_only","agent_4","persona_1"
45,"integrated","agent_1","persona_1"
45,"document_only","agent_1","persona_2"
45,"document_only","agent_2","persona_2"
45,"document_only","agent_4","persona_2"
45,"integrated","agent_1","persona_2"
45,"document_only","agent_1","persona_3"
45,"document_only","agent_2","persona_3"
45,"document_only","agent_4","persona_3"
45,"integrated","agent_1","persona_3"
46,"document_only","agent_1","persona_1"
46,"document_only","agent_2","persona_1"
46,"memory_only","agent_1","persona_1"
46,"memory_only","agent_4","persona_1"
46,"document_only","agent_1","persona_2"
46,"document_only","agent_2","persona_2"
46,"memory_only","agent_1","persona_2"
46,"memory_only","agent_4","persona_2"
46,"document_only","agent_1","persona_3"
46,"document_only","agent_2","persona_3"
46,"memory_only","agent_1","persona_3"
46,"memory_only","agent_4","persona_3"
47,"document_only","agent_1","persona_1"
47,"integrated","agent_1","persona_1"
47,"integrated","agent_2","persona_1"
47,"memory_only","agent_4","persona_1"
47,"document_only","agent_1","persona_2"
47,"integrated","agent_1","persona_2"
47,"integrated","agent_2","persona_2"
47,"memory_only","agent_4","persona_2"
47,"document_only","agent_1","persona_3"
47,"integrated","agent_1","persona_3"
47,"integrated","agent_2","persona_3"
47,"memory_only","agent_4","persona_3"
48,"document_only","agent_4","persona_1"
48,"integrated","agent_3","persona_1"
48,"memory_only","agent_1","persona_1"
48,"memory_only","agent_2","persona_1"
48,"document_only","agent_4","persona_2"
48,"integrated","agent_3","persona_2"
48,"memory_only","agent_1","persona_2"
48,"memory_only","agent_2","persona_2"
48,"document_only","agent_4","persona_3"
48,"integrated","agent_3","persona_3"
48,"memory_only","agent_1","persona_3"
48,"memory_only","agent_2","persona_3"
49,"document_only","agent_4","persona_1"
49,"integrated","agent_2","persona_1"
49,"memory_only","agent_2","persona_1"
49,"memory_only","agent_4","persona_1"
49,"document_only","agent_4","persona_2"
49,"integrated","agent_2","persona_2"
49,"memory_only","agent_2","persona_2"
49,"memory_only","agent_4","persona_2"
49,"document_only","agent_4","persona_3"
49,"integrated","agent_2","persona_3"
49,"memory_only","agent_2","persona_3"
49,"memory_only","agent_4","persona_3"
50,"document_only","agent_1","persona_1"
50,"document_only","agent_2","persona_1"
50,"memory_only","agent_3","persona_1"
50,"memory_only","agent_4","persona_1"
50,"document_only","agent_1","persona_2"
50,"document_only","agent_2","persona_2"
50,"memory_only","agent_3","persona_2"
50,"memory_only","agent_4","persona_2"
50,"document_only","agent_1","persona_3"
50,"document_only","agent_2","persona_3"
50,"memory_only","agent_3","persona_3"
50,"memory_only","agent_4","persona_3"
51,"document_only","agent_2","persona_1"
51,"integrated","agent_1","persona_1"
51,"integrated","agent_4","persona_1"
51,"memory_only","agent_4","persona_1"
51,"document_only","agent_2","persona_2"
51,"integrated","agent_1","persona_2"
51,"integrated","agent_4","persona_2"
51,"memory_only","agent_4","persona_2"
51,"document_only","agent_2","persona_3"
51,"integrated","agent_1","persona_3"
51,"integrated","agent_4","persona_3"
51,"memory_only","agent_4","persona_3"
52,"integrated","agent_2","persona_1"
52,"integrated","agent_3","persona_1"
52,"memory_only","agent_1","persona_1"
52,"memory_only","agent_2","persona_1"
52,"integrated","agent_2","persona_2"
52,"integrated","agent_3","persona_2"
52,"memory_only","agent_1","persona_2"
52,"memory_only","agent_2","persona_2"
52,"integrated","agent_2","persona_3"
52,"integrated","agent_3","persona_3"
52,"memory_only","agent_1","persona_3"
52,"memory_only","agent_2","persona_3"
53,"document_only","agent_2","persona_1"
53,"integrated","agent_4","persona_1"
53,"memory_only","agent_1","persona_1"
53,"memory_only","agent_3","persona_1"
53,"document_only","agent_2","persona_2"
53,"integrated","agent_4","persona_2"
53,"memory_only","agent_1","persona_2"
53,"memory_only","agent_3","persona_2"
53,"document_only","agent_2","persona_3"
53,"integrated","agent_4","persona_3"
53,"memory_only","agent_1","persona_3"
53,"memory_only","agent_3","persona_3"
54,"document_only","agent_4","persona_1"
54,"integrated","agent_1","persona_1"
54,"memory_only","agent_1","persona_1"
54,"memory_only","agent_4","persona_1"
54,"document_only","agent_4","persona_2"
54,"integrated","agent_1","persona_2"
54,"memory_only","agent_1","persona_2"
54,"memory_only","agent_4","persona_2"
54,"document_only","agent_4","persona_3"
54,"integrated","agent_1","persona_3"
54,"memory_only","agent_1","persona_3"
54,"memory_only","agent_4","persona_3"
55,"document_only","agent_2","persona_1"
55,"integrated","agent_1","persona_1"
55,"integrated","agent_2","persona_1"
55,"memory_only","agent_1","persona_1"
55,"document_only","agent_2","persona_2"
55,"integrated","agent_1","persona_2"
55,"integrated","agent_2","persona_2"
55,"memory_only","agent_1","persona_2"
55,"document_only","agent_2","persona_3"
55,"integrated","agent_1","persona_3"
55,"integrated","agent_2","persona_3"
55,"memory_only","agent_1","persona_3"
56,"document_only","agent_1","persona_1"
56,"document_only","agent_2","persona_1"
56,"memory_only","agent_2","persona_1"
56,"memory_only","agent_3","persona_1"
56,"document_only","agent_1","persona_2"
56,"document_only","agent_2","persona_2"
56,"memory_only","agent_2","persona_2"
56,"memory_only","agent_3","persona_2"
56,"document_only","agent_1","persona_3"
56,"document_only","agent_2","persona_3"
56,"memory_only","agent_2","persona_3"
56,"memory_only","agent_3","persona_3"
57,"document_only","agent_1","persona_1"
57,"document_only","agent_2","persona_1"
57,"integrated","agent_3","persona_1"
57,"memory_only","agent_3","persona_1"
57,"document_only","agent_1","persona_2"
57,"document_only","agent_2","persona_2"
57,"integrated","agent_3","persona_2"
57,"memory_only","agent_3","persona_2"
57,"document_only","agent_1","persona_3"
57,"document_only","agent_2","persona_3"
57,"integrated","agent_3","persona_3"
57,"memory_only","agent_3","persona_3"
58,"document_only","agent_2","persona_1"
58,"integrated","agent_1","persona_1"
58,"integrated","agent_2","persona_1"
58,"integrated","agent_3","persona_1"
58,"document_only","agent_2","persona_2"
58,"integrated","agent_1","persona_2"
58,"integrated","agent_2","persona_2"
58,"integrated","agent_3","persona_2"
58,"document_only","agent_2","persona_3"
58,"integrated","agent_1","persona_3"
58,"integrated","agent_2","persona_3"
58,"integrated","agent_3","persona_3"
59,"document_only","agent_3","persona_1"
59,"integrated","agent_3","persona_1"
59,"memory_only","agent_1","persona_1"
59,"memory_only","agent_4","persona_1"
59,"document_only","agent_3","persona_2"
59,"integrated","agent_3","persona_2"
59,"memory_only","agent_1","persona_2"
59,"memory_only","agent_4","persona_2"
59,"document_only","agent_3","persona_3"
59,"integrated","agent_3","persona_3"
59,"memory_only","agent_1","persona_3"
59,"memory_only","agent_4","persona_3"
60,"document_only","agent_1","persona_1"
60,"document_only","agent_2","persona_1"
60,"memory_only","agent_1","persona_1"
60,"memory_only","agent_3","persona_1"
60,"document_only","agent_1","persona_2"
60,"document_only","agent_2","persona_2"
60,"memory_only","agent_1","persona_2"
60,"memory_only","agent_3","persona_2"
60,"document_only","agent_1","persona_3"
60,"document_only","agent_2","persona_3"
60,"memory_only","agent_1","persona_3"
60,"memory_only","agent_3","persona_3"
61,"document_only","agent_2","persona_1"
61,"integrated","agent_2","persona_1"
61,"integrated","agent_4","persona_1"
61,"memory_only","agent_3","persona_1"
61,"document_only","agent_2","persona_2"
61,"integrated","agent_2","persona_2"
61,"integrated","agent_4","persona_2"
61,"memory_only","agent_3","persona_2"
61,"document_only","agent_2","persona_3"
61,"integrated","agent_2","persona_3"
61,"integrated","agent_4","persona_3"
61,"memory_only","agent_3","persona_3"
62,"document_only","agent_3","persona_1"
62,"integrated","agent_3","persona_1"
62,"memory_only","agent_2","persona_1"
62,"memory_only","agent_4","persona_1"
62,"document_only","agent_3","persona_2"
62,"integrated","agent_3","persona_2"
62,"memory_only","agent_2","persona_2"
62,"memory_only","agent_4","persona_2"
62,"document_only","agent_3","persona_3"
62,"integrated","agent_3","persona_3"
62,"memory_only","agent_2","persona_3"
62,"memory_only","agent_4","persona_3"
63,"document_only","agent_2","persona_1"
63,"document_only","agent_3","persona_1"
63,"integrated","agent_4","persona_1"
63,"memory_only","agent_3","persona_1"
63,"document_only","agent_2","persona_2"
63,"document_only","agent_3","persona_2"
63,"integrated","agent_4","persona_2"
63,"memory_only","agent_3","persona_2"
63,"document_only","agent_2","persona_3"
63,"document_only","agent_3","persona_3"
63,"integrated","agent_4","persona_3"
63,"memory_only","agent_3","persona_3"
64,"document_only","agent_3","persona_1"
64,"document_only","agent_4","persona_1"
64,"integrated","agent_4","persona_1"
64,"memory_only","agent_2","persona_1"
64,"document_only","agent_3","persona_2"
64,"document_only","agent_4","persona_2"
64,"integrated","agent_4","persona_2"
64,"memory_only","agent_2","persona_2"
64,"document_only","agent_3","persona_3"
64,"document_only","agent_4","persona_3"
64,"integrated","agent_4","persona_3"
64,"memory_only","agent_2","persona_3"
65,"document_only","agent_1","persona_1"
65,"document_only","agent_2","persona_1"
65,"document_only","agent_3","persona_1"
65,"memory_only","agent_2","persona_1"
65,"document_only","agent_1","persona_2"
65,"document_only","agent_2","persona_2"
65,"document_only","agent_3","persona_2"
65,"memory_only","agent_2","persona_2"
65,"document_only","agent_1","persona_3"
65,"document_only","agent_2","persona_3"
65,"document_only","agent_3","persona_3"
65,"memory_only","agent_2","persona_3"
66,"document_only","agent_1","persona_1"
66,"document_only","agent_2","persona_1"
66,"integrated","agent_1","persona_1"
66,"integrated","agent_4","persona_1"
66,"document_only","agent_1","persona_2"
66,"document_only","agent_2","persona_2"
66,"integrated","agent_1","persona_2"
66,"integrated","agent_4","persona_2"
66,"document_only","agent_1","persona_3"
66,"document_only","agent_2","persona_3"
66,"integrated","agent_1","persona_3"
66,"integrated","agent_4","persona_3"
67,"document_only","agent_1","persona_1"
67,"integrated","agent_2","persona_1"
67,"memory_only","agent_1","persona_1"
67,"memory_only","agent_3","persona_1"
67,"document_only","agent_1","persona_2"
67,"integrated","agent_2","persona_2"
67,"memory_only","agent_1","persona_2"
67,"memory_only","agent_3","persona_2"
67,"document_only","agent_1","persona_3"
67,"integrated","agent_2","persona_3"
67,"memory_only","agent_1","persona_3"
67,"memory_only","agent_3","persona_3"
68,"document_only","agent_2","persona_1"
68,"document_only","agent_4","persona_1"
68,"integrated","agent_2","persona_1"
68,"memory_only","agent_1","persona_1"
68,"document_only","agent_2","persona_2"
68,"document_only","agent_4","persona_2"
68,"integrated","agent_2","persona_2"
68,"memory_only","agent_1","persona_2"
68,"document_only","agent_2","persona_3"
68,"document_only","agent_4","persona_3"
68,"integrated","agent_2","persona_3"
68,"memory_only","agent_1","persona_3"
69,"document_only","agent_1","persona_1"
69,"integrated","agent_2","persona_1"
69,"integrated","agent_4","persona_1"
69,"memory_only","agent_1","persona_1"
69,"document_only","agent_1","persona_2"
69,"integrated","agent_2","persona_2"
69,"integrated","agent_4","persona_2"
69,"memory_only","agent_1","persona_2"
69,"document_only","agent_1","persona_3"
69,"integrated","agent_2","persona_3"
69,"integrated","agent_4","persona_3"
69,"memory_only","agent_1","persona_3"
70,"document_only","agent_1","persona_1"
70,"document_only","agent_2","persona_1"
70,"memory_only","agent_3","persona_1"
70,"memory_only","agent_4","persona_1"
70,"document_only","agent_1","persona_2"
70,"document_only","agent_2","persona_2"
70,"memory_only","agent_3","persona_2"
70,"memory_only","agent_4","persona_2"
70,"document_only","agent_1","persona_3"
70,"document_only","agent_2","persona_3"
70,"memory_only","agent_3","persona_3"
70,"memory_only","agent_4","persona_3"
71,"document_only","agent_2","persona_1"
71,"integrated","agent_2","persona_1"
71,"memory_only","agent_1","persona_1"
71,"memory_only","agent_2","persona_1"
71,"document_only","agent_2","persona_2"
71,"integrated","agent_2","persona_2"
71,"memory_only","agent_1","persona_2"
71,"memory_only","agent_2","persona_2"
71,"document_only","agent_2","persona_3"
71,"integrated","agent_2","persona_3"
71,"memory_only","agent_1","persona_3"
71,"memory_only","agent_2","persona_3"
72,"document_only","agent_1","persona_1"
72,"document_only","agent_3","persona_1"
72,"integrated","agent_2","persona_1"
72,"memory_only","agent_4","persona_1"
72,"document_only","agent_1","persona_2"
72,"document_only","agent_3","persona_2"
72,"integrated","agent_2","persona_2"
72,"memory_only","agent_4","persona_2"
72,"document_only","agent_1","persona_3"
72,"document_only","agent_3","persona_3"
72,"integrated","agent_2","persona_3"
72,"memory_only","agent_4","persona_3"
73,"document_only","agent_2","persona_1"
73,"integrated","agent_2","persona_1"
73,"memory_only","agent_2","persona_1"
73,"memory_only","agent_4","persona_1"
73,"document_only","agent_2","persona_2"
73,"integrated","agent_2","persona_2"
73,"memory_only","agent_2","persona_2"
73,"memory_only","agent_4","persona_2"
73,"document_only","agent_2","persona_3"
73,"integrated","agent_2","persona_3"
73,"memory_only","agent_2","persona_3"
73,"memory_only","agent_4","persona_3"
74,"document_only","agent_3","persona_1"
74,"integrated","agent_1","persona_1"
74,"integrated","agent_3","persona_1"
74,"memory_only","agent_4","persona_1"
74,"document_only","agent_3","persona_2"
74,"integrated","agent_1","persona_2"
74,"integrated","agent_3","persona_2"
74,"memory_only","agent_4","persona_2"
74,"document_only","agent_3","persona_3"
74,"integrated","agent_1","persona_3"
74,"integrated","agent_3","persona_3"
74,"memory_only","agent_4","persona_3"
75,"integrated","agent_3","persona_1"
75,"integrated","agent_4","persona_1"
75,"memory_only","agent_2","persona_1"
75,"memory_only","agent_3","persona_1"
75,"integrated","agent_3","persona_2"
75,"integrated","agent_4","persona_2"
75,"memory_only","agent_2","persona_2"
75,"memory_only","agent_3","persona_2"
75,"integrated","agent_3","persona_3"
75,"integrated","agent_4","persona_3"
75,"memory_only","agent_2","persona_3"
75,"memory_only","agent_3","persona_3"
76,"document_only","agent_3","persona_1"
76,"document_only","agent_4","persona_1"
76,"integrated","agent_2","persona_1"
76,"memory_only","agent_4","persona_1"
76,"document_only","agent_3","persona_2"
76,"document_only","agent_4","persona_2"
76,"integrated","agent_2","persona_2"
76,"memory_only","agent_4","persona_2"
76,"document_only","agent_3","persona_3"
76,"document_only","agent_4","persona_3"
76,"integrated","agent_2","persona_3"
76,"memory_only","agent_4","persona_3"
77,"document_only","agent_2","persona_1"
77,"document_only","agent_3","persona_1"
77,"integrated","agent_3","persona_1"
77,"integrated","agent_4","persona_1"
77,"document_only","agent_2","persona_2"
77,"document_only","agent_3","persona_2"
77,"integrated","agent_3","persona_2"
77,"integrated","agent_4","persona_2"
77,"document_only","agent_2","persona_3"
77,"document_only","agent_3","persona_3"
77,"integrated","agent_3","persona_3"
77,"integrated","agent_4","persona_3"
78,"document_only","agent_3","persona_1"
78,"integrated","agent_2","persona_1"
78,"memory_only","agent_3","persona_1"
78,"memory_only","agent_4","persona_1"
78,"document_only","agent_3","persona_2"
78,"integrated","agent_2","persona_2"
78,"memory_only","agent_3","persona_2"
78,"memory_only","agent_4","persona_2"
78,"document_only","agent_3","persona_3"
78,"integrated","agent_2","persona_3"
78,"memory_only","agent_3","persona_3"
78,"memory_only","agent_4","persona_3"
79,"integrated","agent_1","persona_1"
79,"integrated","agent_2","persona_1"
79,"integrated","agent_4","persona_1"
79,"memory_only","agent_2","persona_1"
79,"integrated","agent_1","persona_2"
79,"integrated","agent_2","persona_2"
79,"integrated","agent_4","persona_2"
79,"memory_only","agent_2","persona_2"
79,"integrated","agent_1","persona_3"
79,"integrated","agent_2","persona_3"
79,"integrated","agent_4","persona_3"
79,"memory_only","agent_2","persona_3"
80,"document_only","agent_2","persona_1"
80,"document_only","agent_4","persona_1"
80,"memory_only","agent_3","persona_1"
80,"memory_only","agent_4","persona_1"
80,"document_only","agent_2","persona_2"
80,"document_only","agent_4","persona_2"
80,"memory_only","agent_3","persona_2"
80,"memory_only","agent_4","persona_2"
80,"document_only","agent_2","persona_3"
80,"document_only","agent_4","persona_3"
80,"memory_only","agent_3","persona_3"
80,"memory_only","agent_4","persona_3"
81,"document_only","agent_3","persona_1"
81,"document_only","agent_4","persona_1"
81,"integrated","agent_4","persona_1"
81,"memory_only","agent_2","persona_1"
81,"document_only","agent_3","persona_2"
81,"document_only","agent_4","persona_2"
81,"integrated","agent_4","persona_2"
81,"memory_only","agent_2","persona_2"
81,"document_only","agent_3","persona_3"
81,"document_only","agent_4","persona_3"
81,"integrated","agent_4","persona_3"
81,"memory_only","agent_2","persona_3"
82,"document_only","agent_1","persona_1"
82,"integrated","agent_4","persona_1"
82,"memory_only","agent_1","persona_1"
82,"memory_only","agent_4","persona_1"
82,"document_only","agent_1","persona_2"
82,"integrated","agent_4","persona_2"
82,"memory_only","agent_1","persona_2"
82,"memory_only","agent_4","persona_2"
82,"document_only","agent_1","persona_3"
82,"integrated","agent_4","persona_3"
82,"memory_only","agent_1","persona_3"
82,"memory_only","agent_4","persona_3"
83,"document_only","agent_2","persona_1"
83,"document_only","agent_3","persona_1"
83,"integrated","agent_3","persona_1"
83,"integrated","agent_4","persona_1"
83,"document_only","agent_2","persona_2"
83,"document_only","agent_3","persona_2"
83,"integrated","agent_3","persona_2"
83,"integrated","agent_4","persona_2"
83,"document_only","agent_2","persona_3"
83,"document_only","agent_3","persona_3"
83,"integrated","agent_3","persona_3"
83,"integrated","agent_4","persona_3"
84,"document_only","agent_3","persona_1"
84,"integrated","agent_3","persona_1"
84,"integrated","agent_4","persona_1"
84,"memory_only","agent_4","persona_1"
84,"document_only","agent_3","persona_2"
84,"integrated","agent_3","persona_2"
84,"integrated","agent_4","persona_2"
84,"memory_only","agent_4","persona_2"
84,"document_only","agent_3","persona_3"
84,"integrated","agent_3","persona_3"
84,"integrated","agent_4","persona_3"
84,"memory_only","agent_4","persona_3"
85,"document_only","agent_4","persona_1"
85,"memory_only","agent_1","persona_1"
85,"memory_only","agent_3","persona_1"
85,"memory_only","agent_4","persona_1"
85,"document_only","agent_4","persona_2"
85,"memory_only","agent_1","persona_2"
85,"memory_only","agent_3","persona_2"
85,"memory_only","agent_4","persona_2"
85,"document_only","agent_4","persona_3"
85,"memory_only","agent_1","persona_3"
85,"memory_only","agent_3","persona_3"
85,"memory_only","agent_4","persona_3"
86,"document_only","agent_1","persona_1"
86,"integrated","agent_1","persona_1"
86,"integrated","agent_2","persona_1"
86,"integrated","agent_3","persona_1"
86,"document_only","agent_1","persona_2"
86,"integrated","agent_1","persona_2"
86,"integrated","agent_2","persona_2"
86,"integrated","agent_3","persona_2"
86,"document_only","agent_1","persona_3"
86,"integrated","agent_1","persona_3"
86,"integrated","agent_2","persona_3"
86,"integrated","agent_3","persona_3"
87,"document_only","agent_2","persona_1"
87,"integrated","agent_1","persona_1"
87,"integrated","agent_2","persona_1"
87,"integrated","agent_4","persona_1"
87,"document_only","agent_2","persona_2"
87,"integrated","agent_1","persona_2"
87,"integrated","agent_2","persona_2"
87,"integrated","agent_4","persona_2"
87,"document_only","agent_2","persona_3"
87,"integrated","agent_1","persona_3"
87,"integrated","agent_2","persona_3"
87,"integrated","agent_4","persona_3"
88,"document_only","agent_2","persona_1"
88,"integrated","agent_4","persona_1"
88,"memory_only","agent_1","persona_1"
88,"memory_only","agent_2","persona_1"
88,"document_only","agent_2","persona_2"
88,"integrated","agent_4","persona_2"
88,"memory_only","agent_1","persona_2"
88,"memory_only","agent_2","persona_2"
88,"document_only","agent_2","persona_3"
88,"integrated","agent_4","persona_3"
88,"memory_only","agent_1","persona_3"
88,"memory_only","agent_2","persona_3"
89,"document_only","agent_2","persona_1"
89,"document_only","agent_4","persona_1"
89,"integrated","agent_1","persona_1"
89,"memory_only","agent_1","persona_1"
89,"document_only","agent_2","persona_2"
89,"document_only","agent_4","persona_2"
89,"integrated","agent_1","persona_2"
89,"memory_only","agent_1","persona_2"
89,"document_only","agent_2","persona_3"
89,"document_only","agent_4","persona_3"
89,"integrated","agent_1","persona_3"
89,"memory_only","agent_1","persona_3"
90,"document_only","agent_1","persona_1"
90,"document_only","agent_3","persona_1"
90,"integrated","agent_4","persona_1"
90,"memory_only","agent_1","persona_1"
90,"document_only","agent_1","persona_2"
90,"document_only","agent_3","persona_2"
90,"integrated","agent_4","persona_2"
90,"memory_only","agent_1","persona_2"
90,"document_only","agent_1","persona_3"
90,"document_only","agent_3","persona_3"
90,"integrated","agent_4","persona_3"
90,"memory_only","agent_1","persona_3"
91,"document_only","agent_1","persona_1"
91,"document_only","agent_3","persona_1"
91,"integrated","agent_2","persona_1"
91,"memory_only","agent_3","persona_1"
91,"document_only","agent_1","persona_2"
91,"document_only","agent_3","persona_2"
91,"integrated","agent_2","persona_2"
91,"memory_only","agent_3","persona_2"
91,"document_only","agent_1","persona_3"
91,"document_only","agent_3","persona_3"
91,"integrated","agent_2","persona_3"
91,"memory_only","agent_3","persona_3"
92,"document_only","agent_4","persona_1"
92,"integrated","agent_3","persona_1"
92,"integrated","agent_4","persona_1"
92,"memory_only","agent_3","persona_1"
92,"document_only","agent_4","persona_2"
92,"integrated","agent_3","persona_2"
92,"integrated","agent_4","persona_2"
92,"memory_only","agent_3","persona_2"
92,"document_only","agent_4","persona_3"
92,"integrated","agent_3","persona_3"
92,"integrated","agent_4","persona_3"
92,"memory_only","agent_3","persona_3"
93,"document_only","agent_1","persona_1"
93,"document_only","agent_4","persona_1"
93,"integrated","agent_1","persona_1"
93,"integrated","agent_3","persona_1"
93,"document_only","agent_1","persona_2"
93,"document_only","agent_4","persona_2"
93,"integrated","agent_1","persona_2"
93,"integrated","agent_3","persona_2"
93,"document_only","agent_1","persona_3"
93,"document_only","agent_4","persona_3"
93,"integrated","agent_1","persona_3"
93,"integrated","agent_3","persona_3"
94,"document_only","agent_4","persona_1"
94,"integrated","agent_4","persona_1"
94,"memory_only","agent_1","persona_1"
94,"memory_only","agent_3","persona_1"
94,"document_only","agent_4","persona_2"
94,"integrated","agent_4","persona_2"
94,"memory_only","agent_1","persona_2"
94,"memory_only","agent_3","persona_2"
94,"document_only","agent_4","persona_3"
94,"integrated","agent_4","persona_3"
94,"memory_only","agent_1","persona_3"
94,"memory_only","agent_3","persona_3"
95,"document_only","agent_1","persona_1"
95,"integrated","agent_3","persona_1"
95,"memory_only","agent_2","persona_1"
95,"memory_only","agent_4","persona_1"
95,"document_only","agent_1","persona_2"
95,"integrated","agent_3","persona_2"
95,"memory_only","agent_2","persona_2"
95,"memory_only","agent_4","persona_2"
95,"document_only","agent_1","persona_3"
95,"integrated","agent_3","persona_3"
95,"memory_only","agent_2","persona_3"
95,"memory_only","agent_4","persona_3"
96,"document_only","agent_1","persona_1"
96,"document_only","agent_2","persona_1"
96,"integrated","agent_2","persona_1"
96,"memory_only","agent_2","persona_1"
96,"document_only","agent_1","persona_2"
96,"document_only","agent_2","persona_2"
96,"integrated","agent_2","persona_2"
96,"memory_only","agent_2","persona_2"
96,"document_only","agent_1","persona_3"
96,"document_only","agent_2","persona_3"
96,"integrated","agent_2","persona_3"
96,"memory_only","agent_2","persona_3"
97,"document_only","agent_1","persona_1"
97,"document_only","agent_3","persona_1"
97,"document_only","agent_4","persona_1"
97,"memory_only","agent_4","persona_1"
97,"document_only","agent_1","persona_2"
97,"document_only","agent_3","persona_2"
97,"document_only","agent_4","persona_2"
97,"memory_only","agent_4","persona_2"
97,"document_only","agent_1","persona_3"
97,"document_only","agent_3","persona_3"
97,"document_only","agent_4","persona_3"
97,"memory_only","agent_4","persona_3"
98,"document_only","agent_1","persona_1"
98,"integrated","agent_2","persona_1"
98,"integrated","agent_3","persona_1"
98,"memory_only","agent_3","persona_1"
98,"document_only","agent_1","persona_2"
98,"integrated","agent_2","persona_2"
98,"integrated","agent_3","persona_2"
98,"memory_only","agent_3","persona_2"
98,"document_only","agent_1","persona_3"
98,"integrated","agent_2","persona_3"
98,"integrated","agent_3","persona_3"
98,"memory_only","agent_3","persona_3"
99,"document_only","agent_4","persona_1"
99,"memory_only","agent_1","persona_1"
99,"memory_only","agent_3","persona_1"
99,"memory_only","agent_4","persona_1"
99,"document_only","agent_4","persona_2"
99,"memory_only","agent_1","persona_2"
99,"memory_only","agent_3","persona_2"
99,"memory_only","agent_4","persona_2"
99,"document_only","agent_4","persona_3"
99,"memory_only","agent_1","persona_3"
99,"memory_only","agent_3","persona_3"
99,"memory_only","agent_4","persona_3"
100,"document_only","agent_3","persona_1"
100,"integrated","agent_2","persona_1"
100,"integrated","agent_3","persona_1"
100,"integrated","agent_4","persona_1"
100,"document_only","agent_3","persona_2"
100,"integrated","agent_2","persona_2"
100,"integrated","agent_3","persona_2"
100,"integrated","agent_4","persona_2"
100,"document_only","agent_3","persona_3"
100,"integrated","agent_2","persona_3"
100,"integrated","agent_3","persona_3"
100,"integrated","agent_4","persona_3"
101,"document_only","agent_1","persona_1"
101,"integrated","agent_2","persona_1"
101,"integrated","agent_4","persona_1"
101,"memory_only","agent_4","persona_1"
101,"document_only","agent_1","persona_2"
101,"integrated","agent_2","persona_2"
101,"integrated","agent_4","persona_2"
101,"memory_only","agent_4","persona_2"
101,"document_only","agent_1","persona_3"
101,"integrated","agent_2","persona_3"
101,"integrated","agent_4","persona_3"
101,"memory_only","agent_4","persona_3"
102,"document_only","agent_1","persona_1"
102,"integrated","agent_1","persona_1"
102,"integrated","agent_3","persona_1"
102,"memory_only","agent_4","persona_1"
102,"document_only","agent_1","persona_2"
102,"integrated","agent_1","persona_2"
102,"integrated","agent_3","persona_2"
102,"memory_only","agent_4","persona_2"
102,"document_only","agent_1","persona_3"
102,"integrated","agent_1","persona_3"
102,"integrated","agent_3","persona_3"
102,"memory_only","agent_4","persona_3"
103,"document_only","agent_3","persona_1"
103,"integrated","agent_2","persona_1"
103,"integrated","agent_4","persona_1"
103,"memory_only","agent_2","persona_1"
103,"document_only","agent_3","persona_2"
103,"integrated","agent_2","persona_2"
103,"integrated","agent_4","persona_2"
103,"memory_only","agent_2","persona_2"
103,"document_only","agent_3","persona_3"
103,"integrated","agent_2","persona_3"
103,"integrated","agent_4","persona_3"
103,"memory_only","agent_2","persona_3"
104,"document_only","agent_4","persona_1"
104,"integrated","agent_2","persona_1"
104,"integrated","agent_3","persona_1"
104,"memory_only","agent_2","persona_1"
104,"document_only","agent_4","persona_2"
104,"integrated","agent_2","persona_2"
104,"integrated","agent_3","persona_2"
104,"memory_only","agent_2","persona_2"
104,"document_only","agent_4","persona_3"
104,"integrated","agent_2","persona_3"
104,"integrated","agent_3","persona_3"
104,"memory_only","agent_2","persona_3"
105,"integrated","agent_4","persona_1"
105,"memory_only","agent_1","persona_1"
105,"memory_only","agent_3","persona_1"
105,"memory_only","agent_4","persona_1"
105,"integrated","agent_4","persona_2"
105,"memory_only","agent_1","persona_2"
105,"memory_only","agent_3","persona_2"
105,"memory_only","agent_4","persona_2"
105,"integrated","agent_4","persona_3"
105,"memory_only","agent_1","persona_3"
105,"memory_only","agent_3","persona_3"
105,"memory_only","agent_4","persona_3"
106,"document_only","agent_2","persona_1"
106,"document_only","agent_4","persona_1"
106,"integrated","agent_2","persona_1"
106,"memory_only","agent_4","persona_1"
106,"document_only","agent_2","persona_2"
106,"document_only","agent_4","persona_2"
106,"integrated","agent_2","persona_2"
106,"memory_only","agent_4","persona_2"
106,"document_only","agent_2","persona_3"
106,"document_only","agent_4","persona_3"
106,"integrated","agent_2","persona_3"
106,"memory_only","agent_4","persona_3"
107,"document_only","agent_1","persona_1"
107,"integrated","agent_4","persona_1"
107,"memory_only","agent_2","persona_1"
107,"memory_only","agent_3","persona_1"
107,"document_only","agent_1","persona_2"
107,"integrated","agent_4","persona_2"
107,"memory_only","agent_2","persona_2"
107,"memory_only","agent_3","persona_2"
107,"document_only","agent_1","persona_3"
107,"integrated","agent_4","persona_3"
107,"memory_only","agent_2","persona_3"
107,"memory_only","agent_3","persona_3"
108,"document_only","agent_3","persona_1"
108,"document_only","agent_4","persona_1"
108,"integrated","agent_3","persona_1"
108,"memory_only","agent_3","persona_1"
108,"document_only","agent_3","persona_2"
108,"document_only","agent_4","persona_2"
108,"integrated","agent_3","persona_2"
108,"memory_only","agent_3","persona_2"
108,"document_only","agent_3","persona_3"
108,"document_only","agent_4","persona_3"
108,"integrated","agent_3","persona_3"
108,"memory_only","agent_3","persona_3"
109,"document_only","agent_3","persona_1"
109,"integrated","agent_2","persona_1"
109,"integrated","agent_3","persona_1"
109,"integrated","agent_4","persona_1"
109,"document_only","agent_3","persona_2"
109,"integrated","agent_2","persona_2"
109,"integrated","agent_3","persona_2"
109,"integrated","agent_4","persona_2"
109,"document_only","agent_3","persona_3"
109,"integrated","agent_2","persona_3"
109,"integrated","agent_3","persona_3"
109,"integrated","agent_4","persona_3"
110,"document_only","agent_1","persona_1"
110,"integrated","agent_2","persona_1"
110,"integrated","agent_3","persona_1"
110,"memory_only","agent_2","persona_1"
110,"document_only","agent_1","persona_2"
110,"integrated","agent_2","persona_2"
110,"integrated","agent_3","persona_2"
110,"memory_only","agent_2","persona_2"
110,"document_only","agent_1","persona_3"
110,"integrated","agent_2","persona_3"
110,"integrated","agent_3","persona_3"
110,"memory_only","agent_2","persona_3"
111,"document_only","agent_3","persona_1"
111,"integrated","agent_1","persona_1"
111,"integrated","agent_2","persona_1"
111,"memory_only","agent_3","persona_1"
111,"document_only","agent_3","persona_2"
111,"integrated","agent_1","persona_2"
111,"integrated","agent_2","persona_2"
111,"memory_only","agent_3","persona_2"
111,"document_only","agent_3","persona_3"
111,"integrated","agent_1","persona_3"
111,"integrated","agent_2","persona_3"
111,"memory_only","agent_3","persona_3"
112,"document_only","agent_1","persona_1"
112,"integrated","agent_3","persona_1"
112,"memory_only","agent_2","persona_1"
112,"memory_only","agent_3","persona_1"
112,"document_only","agent_1","persona_2"
112,"integrated","agent_3","persona_2"
112,"memory_only","agent_2","persona_2"
112,"memory_only","agent_3","persona_2"
112,"document_only","agent_1","persona_3"
112,"integrated","agent_3","persona_3"
112,"memory_only","agent_2","persona_3"
112,"memory_only","agent_3","persona_3"
113,"document_only","agent_1","persona_1"
113,"document_only","agent_2","persona_1"
113,"document_only","agent_3","persona_1"
113,"memory_only","agent_4","persona_1"
113,"document_only","agent_1","persona_2"
113,"document_only","agent_2","persona_2"
113,"document_only","agent_3","persona_2"
113,"memory_only","agent_4","persona_2"
113,"document_only","agent_1","persona_3"
113,"document_only","agent_2","persona_3"
113,"document_only","agent_3","persona_3"
113,"memory_only","agent_4","persona_3"
114,"document_only","agent_3","persona_1"
114,"document_only","agent_4","persona_1"
114,"integrated","agent_2","persona_1"
114,"memory_only","agent_1","persona_1"
114,"document_only","agent_3","persona_2"
114,"document_only","agent_4","persona_2"
114,"integrated","agent_2","persona_2"
114,"memory_only","agent_1","persona_2"
114,"document_only","agent_3","persona_3"
114,"document_only","agent_4","persona_3"
114,"integrated","agent_2","persona_3"
114,"memory_only","agent_1","persona_3"
115,"document_only","agent_2","persona_1"
115,"document_only","agent_3","persona_1"
115,"integrated","agent_2","persona_1"
115,"memory_only","agent_4","persona_1"
115,"document_only","agent_2","persona_2"
115,"document_only","agent_3","persona_2"
115,"integrated","agent_2","persona_2"
115,"memory_only","agent_4","persona_2"
115,"document_only","agent_2","persona_3"
115,"document_only","agent_3","persona_3"
115,"integrated","agent_2","persona_3"
115,"memory_only","agent_4","persona_3"
116,"document_only","agent_1","persona_1"
116,"document_only","agent_2","persona_1"
116,"document_only","agent_4","persona_1"
116,"integrated","agent_2","persona_1"
116,"document_only","agent_1","persona_2"
116,"document_only","agent_2","persona_2"
116,"document_only","agent_4","persona_2"
116,"integrated","agent_2","persona_2"
116,"document_only","agent_1","persona_3"
116,"document_only","agent_2","persona_3"
116,"document_only","agent_4","persona_3"
116,"integrated","agent_2","persona_3"
117,"document_only","agent_2","persona_1"
117,"document_only","agent_4","persona_1"
117,"integrated","agent_2","persona_1"
117,"integrated","agent_3","persona_1"
117,"document_only","agent_2","persona_2"
117,"document_only","agent_4","persona_2"
117,"integrated","agent_2","persona_2"
117,"integrated","agent_3","persona_2"
117,"document_only","agent_2","persona_3"
117,"document_only","agent_4","persona_3"
117,"integrated","agent_2","persona_3"
117,"integrated","agent_3","persona_3"
118,"integrated","agent_1","persona_1"
118,"integrated","agent_2","persona_1"
118,"integrated","agent_4","persona_1"
118,"memory_only","agent_1","persona_1"
118,"integrated","agent_1","persona_2"
118,"integrated","agent_2","persona_2"
118,"integrated","agent_4","persona_2"
118,"memory_only","agent_1","persona_2"
118,"integrated","agent_1","persona_3"
118,"integrated","agent_2","persona_3"
118,"integrated","agent_4","persona_3"
118,"memory_only","agent_1","persona_3"
119,"document_only","agent_2","persona_1"
119,"document_only","agent_4","persona_1"
119,"integrated","agent_1","persona_1"
119,"memory_only","agent_2","persona_1"
119,"document_only","agent_2","persona_2"
119,"document_only","agent_4","persona_2"
119,"integrated","agent_1","persona_2"
119,"memory_only","agent_2","persona_2"
119,"document_only","agent_2","persona_3"
119,"document_only","agent_4","persona_3"
119,"integrated","agent_1","persona_3"
119,"memory_only","agent_2","persona_3"
120,"document_only","agent_1","persona_1"
120,"integrated","agent_1","persona_1"
120,"integrated","agent_3","persona_1"
120,"integrated","agent_4","persona_1"
120,"document_only","agent_1","persona_2"
120,"integrated","agent_1","persona_2"
120,"integrated","agent_3","persona_2"
120,"integrated","agent_4","persona_2"
120,"document_only","agent_1","persona_3"
120,"integrated","agent_1","persona_3"
120,"integrated","agent_3","persona_3"
120,"integrated","agent_4","persona_3"
121,"integrated","agent_1","persona_1"
121,"integrated","agent_3","persona_1"
121,"integrated","agent_4","persona_1"
121,"memory_only","agent_3","persona_1"
121,"integrated","agent_1","persona_2"
121,"integrated","agent_3","persona_2"
121,"integrated","agent_4","persona_2"
121,"memory_only","agent_3","persona_2"
121,"integrated","agent_1","persona_3"
121,"integrated","agent_3","persona_3"
121,"integrated","agent_4","persona_3"
121,"memory_only","agent_3","persona_3"
122,"document_only","agent_1","persona_1"
122,"integrated","agent_4","persona_1"
122,"memory_only","agent_3","persona_1"
122,"memory_only","agent_4","persona_1"
122,"document_only","agent_1","persona_2"
122,"integrated","agent_4","persona_2"
122,"memory_only","agent_3","persona_2"
122,"memory_only","agent_4","persona_2"
122,"document_only","agent_1","persona_3"
122,"integrated","agent_4","persona_3"
122,"memory_only","agent_3","persona_3"
122,"memory_only","agent_4","persona_3"
123,"document_only","agent_1","persona_1"
123,"memory_only","agent_1","persona_1"
123,"memory_only","agent_3","persona_1"
123,"memory_only","agent_4","persona_1"
123,"document_only","agent_1","persona_2"
123,"memory_only","agent_1","persona_2"
123,"memory_only","agent_3","persona_2"
123,"memory_only","agent_4","persona_2"
123,"document_only","agent_1","persona_3"
123,"memory_only","agent_1","persona_3"
123,"memory_only","agent_3","persona_3"
123,"memory_only","agent_4","persona_3"
124,"document_only","agent_1","persona_1"
124,"document_only","agent_4","persona_1"
124,"integrated","agent_2","persona_1"
124,"integrated","agent_3","persona_1"
124,"document_only","agent_1","persona_2"
124,"document_only","agent_4","persona_2"
124,"integrated","agent_2","persona_2"
124,"integrated","agent_3","persona_2"
124,"document_only","agent_1","persona_3"
124,"document_only","agent_4","persona_3"
124,"integrated","agent_2","persona_3"
124,"integrated","agent_3","persona_3"
125,"integrated","agent_3","persona_1"
125,"integrated","agent_4","persona_1"
125,"memory_only","agent_2","persona_1"
125,"memory_only","agent_4","persona_1"
125,"integrated","agent_3","persona_2"
125,"integrated","agent_4","persona_2"
125,"memory_only","agent_2","persona_2"
125,"memory_only","agent_4","persona_2"
125,"integrated","agent_3","persona_3"
125,"integrated","agent_4","persona_3"
125,"memory_only","agent_2","persona_3"
125,"memory_only","agent_4","persona_3"
126,"integrated","agent_4","persona_1"
126,"memory_only","agent_1","persona_1"
126,"memory_only","agent_2","persona_1"
126,"memory_only","agent_4","persona_1"
126,"integrated","agent_4","persona_2"
126,"memory_only","agent_1","persona_2"
126,"memory_only","agent_2","persona_2"
126,"memory_only","agent_4","persona_2"
126,"integrated","agent_4","persona_3"
126,"memory_only","agent_1","persona_3"
126,"memory_only","agent_2","persona_3"
126,"memory_only","agent_4","persona_3"
127,"document_only","agent_2","persona_1"
127,"document_only","agent_4","persona_1"
127,"integrated","agent_2","persona_1"
127,"memory_only","agent_2","persona_1"
127,"document_only","agent_2","persona_2"
127,"document_only","agent_4","persona_2"
127,"integrated","agent_2","persona_2"
127,"memory_only","agent_2","persona_2"
127,"document_only","agent_2","persona_3"
127,"document_only","agent_4","persona_3"
127,"integrated","agent_2","persona_3"
127,"memory_only","agent_2","persona_3"
128,"document_only","agent_3","persona_1"
128,"document_only","agent_4","persona_1"
128,"integrated","agent_3","persona_1"
128,"integrated","agent_4","persona_1"
128,"document_only","agent_3","persona_2"
128,"document_only","agent_4","persona_2"
128,"integrated","agent_3","persona_2"
128,"integrated","agent_4","persona_2"
128,"document_only","agent_3","persona_3"
128,"document_only","agent_4","persona_3"
128,"integrated","agent_3","persona_3"
128,"integrated","agent_4","persona_3"
129,"document_only","agent_2","persona_1"
129,"document_only","agent_3","persona_1"
129,"document_only","agent_4","persona_1"
129,"memory_only","agent_3","persona_1"
129,"document_only","agent_2","persona_2"
129,"document_only","agent_3","persona_2"
129,"document_only","agent_4","persona_2"
129,"memory_only","agent_3","persona_2"
129,"document_only","agent_2","persona_3"
129,"document_only","agent_3","persona_3"
129,"document_only","agent_4","persona_3"
129,"memory_only","agent_3","persona_3"
130,"integrated","agent_2","persona_1"
130,"integrated","agent_3","persona_1"
130,"memory_only","agent_2","persona_1"
130,"memory_only","agent_4","persona_1"
130,"integrated","agent_2","persona_2"
130,"integrated","agent_3","persona_2"
130,"memory_only","agent_2","persona_2"
130,"memory_only","agent_4","persona_2"
130,"integrated","agent_2","persona_3"
130,"integrated","agent_3","persona_3"
130,"memory_only","agent_2","persona_3"
130,"memory_only","agent_4","persona_3"
131,"document_only","agent_2","persona_1"
131,"integrated","agent_1","persona_1"
131,"memory_only","agent_1","persona_1"
131,"memory_only","agent_4","persona_1"
131,"document_only","agent_2","persona_2"
131,"integrated","agent_1","persona_2"
131,"memory_only","agent_1","persona_2"
131,"memory_only","agent_4","persona_2"
131,"document_only","agent_2","persona_3"
131,"integrated","agent_1","persona_3"
131,"memory_only","agent_1","persona_3"
131,"memory_only","agent_4","persona_3"
132,"document_only","agent_1","persona_1"
132,"document_only","agent_3","persona_1"
132,"integrated","agent_1","persona_1"
132,"integrated","agent_4","persona_1"
132,"document_only","agent_1","persona_2"
132,"document_only","agent_3","persona_2"
132,"integrated","agent_1","persona_2"
132,"integrated","agent_4","persona_2"
132,"document_only","agent_1","persona_3"
132,"document_only","agent_3","persona_3"
132,"integrated","agent_1","persona_3"
132,"integrated","agent_4","persona_3"
133,"document_only","agent_1","persona_1"
133,"document_only","agent_4","persona_1"
133,"integrated","agent_2","persona_1"
133,"integrated","agent_4","persona_1"
133,"document_only","agent_1","persona_2"
133,"document_only","agent_4","persona_2"
133,"integrated","agent_2","persona_2"
133,"integrated","agent_4","persona_2"
133,"document_only","agent_1","persona_3"
133,"document_only","agent_4","persona_3"
133,"integrated","agent_2","persona_3"
133,"integrated","agent_4","persona_3"
134,"document_only","agent_2","persona_1"
134,"integrated","agent_3","persona_1"
134,"memory_only","agent_1","persona_1"
134,"memory_only","agent_3","persona_1"
134,"document_only","agent_2","persona_2"
134,"integrated","agent_3","persona_2"
134,"memory_only","agent_1","persona_2"
134,"memory_only","agent_3","persona_2"
134,"document_only","agent_2","persona_3"
134,"integrated","agent_3","persona_3"
134,"memory_only","agent_1","persona_3"
134,"memory_only","agent_3","persona_3"
135,"document_only","agent_1","persona_1"
135,"document_only","agent_3","persona_1"
135,"integrated","agent_2","persona_1"
135,"memory_only","agent_1","persona_1"
135,"document_only","agent_1","persona_2"
135,"document_only","agent_3","persona_2"
135,"integrated","agent_2","persona_2"
135,"memory_only","agent_1","persona_2"
135,"document_only","agent_1","persona_3"
135,"document_only","agent_3","persona_3"
135,"integrated","agent_2","persona_3"
135,"memory_only","agent_1","persona_3"
136,"document_only","agent_2","persona_1"
136,"integrated","agent_1","persona_1"
136,"integrated","agent_4","persona_1"
136,"memory_only","agent_4","persona_1"
136,"document_only","agent_2","persona_2"
136,"integrated","agent_1","persona_2"
136,"integrated","agent_4","persona_2"
136,"memory_only","agent_4","persona_2"
136,"document_only","agent_2","persona_3"
136,"integrated","agent_1","persona_3"
136,"integrated","agent_4","persona_3"
136,"memory_only","agent_4","persona_3"
137,"document_only","agent_3","persona_1"
137,"integrated","agent_1","persona_1"
137,"memory_only","agent_1","persona_1"
137,"memory_only","agent_4","persona_1"
137,"document_only","agent_3","persona_2"
137,"integrated","agent_1","persona_2"
137,"memory_only","agent_1","persona_2"
137,"memory_only","agent_4","persona_2"
137,"document_only","agent_3","persona_3"
137,"integrated","agent_1","persona_3"
137,"memory_only","agent_1","persona_3"
137,"memory_only","agent_4","persona_3"
138,"document_only","agent_1","persona_1"
138,"integrated","agent_1","persona_1"
138,"memory_only","agent_3","persona_1"
138,"memory_only","agent_4","persona_1"
138,"document_only","agent_1","persona_2"
138,"integrated","agent_1","persona_2"
138,"memory_only","agent_3","persona_2"
138,"memory_only","agent_4","persona_2"
138,"document_only","agent_1","persona_3"
138,"integrated","agent_1","persona_3"
138,"memory_only","agent_3","persona_3"
138,"memory_only","agent_4","persona_3"
139,"integrated","agent_1","persona_1"
139,"integrated","agent_3","persona_1"
139,"memory_only","agent_3","persona_1"
139,"memory_only","agent_4","persona_1"
139,"integrated","agent_1","persona_2"
139,"integrated","agent_3","persona_2"
139,"memory_only","agent_3","persona_2"
139,"memory_only","agent_4","persona_2"
139,"integrated","agent_1","persona_3"
139,"integrated","agent_3","persona_3"
139,"memory_only","agent_3","persona_3"
139,"memory_only","agent_4","persona_3"
140,"document_only","agent_3","persona_1"
140,"integrated","agent_1","persona_1"
140,"integrated","agent_2","persona_1"
140,"memory_only","agent_4","persona_1"
140,"document_only","agent_3","persona_2"
140,"integrated","agent_1","persona_2"
140,"integrated","agent_2","persona_2"
140,"memory_only","agent_4","persona_2"
140,"document_only","agent_3","persona_3"
140,"integrated","agent_1","persona_3"
140,"integrated","agent_2","persona_3"
140,"memory_only","agent_4","persona_3"
141,"integrated","agent_2","persona_1"
141,"integrated","agent_4","persona_1"
141,"memory_only","agent_1","persona_1"
141,"memory_only","agent_2","persona_1"
141,"integrated","agent_2","persona_2"
141,"integrated","agent_4","persona_2"
141,"memory_only","agent_1","persona_2"
141,"memory_only","agent_2","persona_2"
141,"integrated","agent_2","persona_3"
141,"integrated","agent_4","persona_3"
141,"memory_only","agent_1","persona_3"
141,"memory_only","agent_2","persona_3"
142,"integrated","agent_1","persona_1"
142,"integrated","agent_2","persona_1"
142,"integrated","agent_4","persona_1"
142,"memory_only","agent_1","persona_1"
142,"integrated","agent_1","persona_2"
142,"integrated","agent_2","persona_2"
142,"integrated","agent_4","persona_2"
142,"memory_only","agent_1","persona_2"
142,"integrated","agent_1","persona_3"
142,"integrated","agent_2","persona_3"
142,"integrated","agent_4","persona_3"
142,"memory_only","agent_1","persona_3"
143,"document_only","agent_1","persona_1"
143,"document_only","agent_3","persona_1"
143,"document_only","agent_4","persona_1"
143,"integrated","agent_4","persona_1"
143,"document_only","agent_1","persona_2"
143,"document_only","agent_3","persona_2"
143,"document_only","agent_4","persona_2"
143,"integrated","agent_4","persona_2"
143,"document_only","agent_1","persona_3"
143,"document_only","agent_3","persona_3"
143,"document_only","agent_4","persona_3"
143,"integrated","agent_4","persona_3"
144,"document_only","agent_1","persona_1"
144,"document_only","agent_3","persona_1"
144,"integrated","agent_3","persona_1"
144,"memory_only","agent_2","persona_1"
144,"document_only","agent_1","persona_2"
144,"document_only","agent_3","persona_2"
144,"integrated","agent_3","persona_2"
144,"memory_only","agent_2","persona_2"
144,"document_only","agent_1","persona_3"
144,"document_only","agent_3","persona_3"
144,"integrated","agent_3","persona_3"
144,"memory_only","agent_2","persona_3"
145,"document_only","agent_1","persona_1"
145,"document_only","agent_2","persona_1"
145,"document_only","agent_4","persona_1"
145,"integrated","agent_4","persona_1"
145,"document_only","agent_1","persona_2"
145,"document_only","agent_2","persona_2"
145,"document_only","agent_4","persona_2"
145,"integrated","agent_4","persona_2"
145,"document_only","agent_1","persona_3"
145,"document_only","agent_2","persona_3"
145,"document_only","agent_4","persona_3"
145,"integrated","agent_4","persona_3"
146,"document_only","agent_2","persona_1"
146,"document_only","agent_3","persona_1"
146,"integrated","agent_1","persona_1"
146,"memory_only","agent_1","persona_1"
146,"document_only","agent_2","persona_2"
146,"document_only","agent_3","persona_2"
146,"integrated","agent_1","persona_2"
146,"memory_only","agent_1","persona_2"
146,"document_only","agent_2","persona_3"
146,"document_only","agent_3","persona_3"
146,"integrated","agent_1","persona_3"
146,"memory_only","agent_1","persona_3"
147,"document_only","agent_2","persona_1"
147,"document_only","agent_3","persona_1"
147,"integrated","agent_1","persona_1"
147,"memory_only","agent_2","persona_1"
147,"document_only","agent_2","persona_2"
147,"document_only","agent_3","persona_2"
147,"integrated","agent_1","persona_2"
147,"memory_only","agent_2","persona_2"
147,"document_only","agent_2","persona_3"
147,"document_only","agent_3","persona_3"
147,"integrated","agent_1","persona_3"
147,"memory_only","agent_2","persona_3"
148,"document_only","agent_2","persona_1"
148,"document_only","agent_4","persona_1"
148,"memory_only","agent_3","persona_1"
148,"memory_only","agent_4","persona_1"
148,"document_only","agent_2","persona_2"
148,"document_only","agent_4","persona_2"
148,"memory_only","agent_3","persona_2"
148,"memory_only","agent_4","persona_2"
148,"document_only","agent_2","persona_3"
148,"document_only","agent_4","persona_3"
148,"memory_only","agent_3","persona_3"
148,"memory_only","agent_4","persona_3"
149,"document_only","agent_2","persona_1"
149,"integrated","agent_2","persona_1"
149,"memory_only","agent_2","persona_1"
149,"memory_only","agent_4","persona_1"
149,"document_only","agent_2","persona_2"
149,"integrated","agent_2","persona_2"
149,"memory_only","agent_2","persona_2"
149,"memory_only","agent_4","persona_2"
149,"document_only","agent_2","persona_3"
149,"integrated","agent_2","persona_3"
149,"memory_only","agent_2","persona_3"
149,"memory_only","agent_4","persona_3"
150,"document_only","agent_2","persona_1"
150,"document_only","agent_3","persona_1"
150,"integrated","agent_1","persona_1"
150,"memory_only","agent_4","persona_1"
150,"document_only","agent_2","persona_2"
150,"document_only","agent_3","persona_2"
150,"integrated","agent_1","persona_2"
150,"memory_only","agent_4","persona_2"
150,"document_only","agent_2","persona_3"
150,"document_only","agent_3","persona_3"
150,"integrated","agent_1","persona_3"
150,"memory_only","agent_4","persona_3"
151,"integrated","agent_2","persona_1"
151,"integrated","agent_3","persona_1"
151,"memory_only","agent_1","persona_1"
151,"memory_only","agent_3","persona_1"
151,"integrated","agent_2","persona_2"
151,"integrated","agent_3","persona_2"
151,"memory_only","agent_1","persona_2"
151,"memory_only","agent_3","persona_2"
151,"integrated","agent_2","persona_3"
151,"integrated","agent_3","persona_3"
151,"memory_only","agent_1","persona_3"
151,"memory_only","agent_3","persona_3"
152,"document_only","agent_1","persona_1"
152,"integrated","agent_1","persona_1"
152,"integrated","agent_3","persona_1"
152,"memory_only","agent_3","persona_1"
152,"document_only","agent_1","persona_2"
152,"integrated","agent_1","persona_2"
152,"integrated","agent_3","persona_2"
152,"memory_only","agent_3","persona_2"
152,"document_only","agent_1","persona_3"
152,"integrated","agent_1","persona_3"
152,"integrated","agent_3","persona_3"
152,"memory_only","agent_3","persona_3"
153,"integrated","agent_1","persona_1"
153,"integrated","agent_2","persona_1"
153,"integrated","agent_4","persona_1"
153,"memory_only","agent_3","persona_1"
153,"integrated","agent_1","persona_2"
153,"integrated","agent_2","persona_2"
153,"integrated","agent_4","persona_2"
153,"memory_only","agent_3","persona_2"
153,"integrated","agent_1","persona_3"
153,"integrated","agent_2","persona_3"
153,"integrated","agent_4","persona_3"
153,"memory_only","agent_3","persona_3"
154,"integrated","agent_2","persona_1"
154,"integrated","agent_3","persona_1"
154,"memory_only","agent_1","persona_1"
154,"memory_only","agent_4","persona_1"
154,"integrated","agent_2","persona_2"
154,"integrated","agent_3","persona_2"
154,"memory_only","agent_1","persona_2"
154,"memory_only","agent_4","persona_2"
154,"integrated","agent_2","persona_3"
154,"integrated","agent_3","persona_3"
154,"memory_only","agent_1","persona_3"
154,"memory_only","agent_4","persona_3"
155,"document_only","agent_1","persona_1"
155,"document_only","agent_4","persona_1"
155,"integrated","agent_4","persona_1"
155,"memory_only","agent_3","persona_1"
155,"document_only","agent_1","persona_2"
155,"document_only","agent_4","persona_2"
155,"integrated","agent_4","persona_2"
155,"memory_only","agent_3","persona_2"
155,"document_only","agent_1","persona_3"
155,"document_only","agent_4","persona_3"
155,"integrated","agent_4","persona_3"
155,"memory_only","agent_3","persona_3"
156,"document_only","agent_4","persona_1"
156,"integrated","agent_2","persona_1"
156,"integrated","agent_4","persona_1"
156,"memory_only","agent_3","persona_1"
156,"document_only","agent_4","persona_2"
156,"integrated","agent_2","persona_2"
156,"integrated","agent_4","persona_2"
156,"memory_only","agent_3","persona_2"
156,"document_only","agent_4","persona_3"
156,"integrated","agent_2","persona_3"
156,"integrated","agent_4","persona_3"
156,"memory_only","agent_3","persona_3"
157,"document_only","agent_2","persona_1"
157,"document_only","agent_3","persona_1"
157,"integrated","agent_4","persona_1"
157,"memory_only","agent_2","persona_1"
157,"document_only","agent_2","persona_2"
157,"document_only","agent_3","persona_2"
157,"integrated","agent_4","persona_2"
157,"memory_only","agent_2","persona_2"
157,"document_only","agent_2","persona_3"
157,"document_only","agent_3","persona_3"
157,"integrated","agent_4","persona_3"
157,"memory_only","agent_2","persona_3"
158,"integrated","agent_3","persona_1"
158,"memory_only","agent_1","persona_1"
158,"memory_only","agent_2","persona_1"
158,"memory_only","agent_4","persona_1"
158,"integrated","agent_3","persona_2"
158,"memory_only","agent_1","persona_2"
158,"memory_only","agent_2","persona_2"
158,"memory_only","agent_4","persona_2"
158,"integrated","agent_3","persona_3"
158,"memory_only","agent_1","persona_3"
158,"memory_only","agent_2","persona_3"
158,"memory_only","agent_4","persona_3"
159,"document_only","agent_1","persona_1"
159,"document_only","agent_2","persona_1"
159,"document_only","agent_3","persona_1"
159,"memory_only","agent_1","persona_1"
159,"document_only","agent_1","persona_2"
159,"document_only","agent_2","persona_2"
159,"document_only","agent_3","persona_2"
159,"memory_only","agent_1","persona_2"
159,"document_only","agent_1","persona_3"
159,"document_only","agent_2","persona_3"
159,"document_only","agent_3","persona_3"
159,"memory_only","agent_1","persona_3"
160,"document_only","agent_1","persona_1"
160,"document_only","agent_4","persona_1"
160,"integrated","agent_4","persona_1"
160,"memory_only","agent_2","persona_1"
160,"document_only","agent_1","persona_2"
160,"document_only","agent_4","persona_2"
160,"integrated","agent_4","persona_2"
160,"memory_only","agent_2","persona_2"
160,"document_only","agent_1","persona_3"
160,"document_only","agent_4","persona_3"
160,"integrated","agent_4","persona_3"
160,"memory_only","agent_2","persona_3"
161,"document_only","agent_4","persona_1"
161,"integrated","agent_1","persona_1"
161,"integrated","agent_3","persona_1"
161,"memory_only","agent_4","persona_1"
161,"document_only","agent_4","persona_2"
161,"integrated","agent_1","persona_2"
161,"integrated","agent_3","persona_2"
161,"memory_only","agent_4","persona_2"
161,"document_only","agent_4","persona_3"
161,"integrated","agent_1","persona_3"
161,"integrated","agent_3","persona_3"
161,"memory_only","agent_4","persona_3"
162,"document_only","agent_2","persona_1"
162,"document_only","agent_3","persona_1"
162,"memory_only","agent_1","persona_1"
162,"memory_only","agent_2","persona_1"
162,"document_only","agent_2","persona_2"
162,"document_only","agent_3","persona_2"
162,"memory_only","agent_1","persona_2"
162,"memory_only","agent_2","persona_2"
162,"document_only","agent_2","persona_3"
162,"document_only","agent_3","persona_3"
162,"memory_only","agent_1","persona_3"
162,"memory_only","agent_2","persona_3"
163,"document_only","agent_1","persona_1"
163,"integrated","agent_4","persona_1"
163,"memory_only","agent_1","persona_1"
163,"memory_only","agent_2","persona_1"
163,"document_only","agent_1","persona_2"
163,"integrated","agent_4","persona_2"
163,"memory_only","agent_1","persona_2"
163,"memory_only","agent_2","persona_2"
163,"document_only","agent_1","persona_3"
163,"integrated","agent_4","persona_3"
163,"memory_only","agent_1","persona_3"
163,"memory_only","agent_2","persona_3"
164,"document_only","agent_1","persona_1"
164,"document_only","agent_3","persona_1"
164,"integrated","agent_3","persona_1"
164,"memory_only","agent_4","persona_1"
164,"document_only","agent_1","persona_2"
164,"document_only","agent_3","persona_2"
164,"integrated","agent_3","persona_2"
164,"memory_only","agent_4","persona_2"
164,"document_only","agent_1","persona_3"
164,"document_only","agent_3","persona_3"
164,"integrated","agent_3","persona_3"
164,"memory_only","agent_4","persona_3"
165,"document_only","agent_2","persona_1"
165,"integrated","agent_2","persona_1"
165,"integrated","agent_3","persona_1"
165,"memory_only","agent_1","persona_1"
165,"document_only","agent_2","persona_2"
165,"integrated","agent_2","persona_2"
165,"integrated","agent_3","persona_2"
165,"memory_only","agent_1","persona_2"
165,"document_only","agent_2","persona_3"
165,"integrated","agent_2","persona_3"
165,"integrated","agent_3","persona_3"
165,"memory_only","agent_1","persona_3"
166,"document_only","agent_1","persona_1"
166,"document_only","agent_2","persona_1"
166,"document_only","agent_4","persona_1"
166,"memory_only","agent_3","persona_1"
166,"document_only","agent_1","persona_2"
166,"document_only","agent_2","persona_2"
166,"document_only","agent_4","persona_2"
166,"memory_only","agent_3","persona_2"
166,"document_only","agent_1","persona_3"
166,"document_only","agent_2","persona_3"
166,"document_only","agent_4","persona_3"
166,"memory_only","agent_3","persona_3"
167,"integrated","agent_1","persona_1"
167,"integrated","agent_2","persona_1"
167,"integrated","agent_4","persona_1"
167,"memory_only","agent_4","persona_1"
167,"integrated","agent_1","persona_2"
167,"integrated","agent_2","persona_2"
167,"integrated","agent_4","persona_2"
167,"memory_only","agent_4","persona_2"
167,"integrated","agent_1","persona_3"
167,"integrated","agent_2","persona_3"
167,"integrated","agent_4","persona_3"
167,"memory_only","agent_4","persona_3"
168,"document_only","agent_1","persona_1"
168,"document_only","agent_2","persona_1"
168,"integrated","agent_1","persona_1"
168,"memory_only","agent_1","persona_1"
168,"document_only","agent_1","persona_2"
168,"document_only","agent_2","persona_2"
168,"integrated","agent_1","persona_2"
168,"memory_only","agent_1","persona_2"
168,"document_only","agent_1","persona_3"
168,"document_only","agent_2","persona_3"
168,"integrated","agent_1","persona_3"
168,"memory_only","agent_1","persona_3"
169,"document_only","agent_4","persona_1"
169,"integrated","agent_1","persona_1"
169,"integrated","agent_4","persona_1"
169,"memory_only","agent_4","persona_1"
169,"document_only","agent_4","persona_2"
169,"integrated","agent_1","persona_2"
169,"integrated","agent_4","persona_2"
169,"memory_only","agent_4","persona_2"
169,"document_only","agent_4","persona_3"
169,"integrated","agent_1","persona_3"
169,"integrated","agent_4","persona_3"
169,"memory_only","agent_4","persona_3"
170,"document_only","agent_3","persona_1"
170,"integrated","agent_3","persona_1"
170,"memory_only","agent_1","persona_1"
170,"memory_only","agent_3","persona_1"
170,"document_only","agent_3","persona_2"
170,"integrated","agent_3","persona_2"
170,"memory_only","agent_1","persona_2"
170,"memory_only","agent_3","persona_2"
170,"document_only","agent_3","persona_3"
170,"integrated","agent_3","persona_3"
170,"memory_only","agent_1","persona_3"
170,"memory_only","agent_3","persona_3"
171,"document_only","agent_2","persona_1"
171,"document_only","agent_3","persona_1"
171,"memory_only","agent_3","persona_1"
171,"memory_only","agent_4","persona_1"
171,"document_only","agent_2","persona_2"
171,"document_only","agent_3","persona_2"
171,"memory_only","agent_3","persona_2"
171,"memory_only","agent_4","persona_2"
171,"document_only","agent_2","persona_3"
171,"document_only","agent_3","persona_3"
171,"memory_only","agent_3","persona_3"
171,"memory_only","agent_4","persona_3"
172,"document_only","agent_1","persona_1"
172,"integrated","agent_1","persona_1"
172,"memory_only","agent_2","persona_1"
172,"memory_only","agent_3","persona_1"
172,"document_only","agent_1","persona_2"
172,"integrated","agent_1","persona_2"
172,"memory_only","agent_2","persona_2"
172,"memory_only","agent_3","persona_2"
172,"document_only","agent_1","persona_3"
172,"integrated","agent_1","persona_3"
172,"memory_only","agent_2","persona_3"
172,"memory_only","agent_3","persona_3"
173,"document_only","agent_1","persona_1"
173,"document_only","agent_4","persona_1"
173,"integrated","agent_1","persona_1"
173,"memory_only","agent_2","persona_1"
173,"document_only","agent_1","persona_2"
173,"document_only","agent_4","persona_2"
173,"integrated","agent_1","persona_2"
173,"memory_only","agent_2","persona_2"
173,"document_only","agent_1","persona_3"
173,"document_only","agent_4","persona_3"
173,"integrated","agent_1","persona_3"
173,"memory_only","agent_2","persona_3"
174,"document_only","agent_2","persona_1"
174,"document_only","agent_3","persona_1"
174,"integrated","agent_2","persona_1"
174,"memory_only","agent_3","persona_1"
174,"document_only","agent_2","persona_2"
174,"document_only","agent_3","persona_2"
174,"integrated","agent_2","persona_2"
174,"memory_only","agent_3","persona_2"
174,"document_only","agent_2","persona_3"
174,"document_only","agent_3","persona_3"
174,"integrated","agent_2","persona_3"
174,"memory_only","agent_3","persona_3"
175,"document_only","agent_1","persona_1"
175,"integrated","agent_4","persona_1"
175,"memory_only","agent_2","persona_1"
175,"memory_only","agent_4","persona_1"
175,"document_only","agent_1","persona_2"
175,"integrated","agent_4","persona_2"
175,"memory_only","agent_2","persona_2"
175,"memory_only","agent_4","persona_2"
175,"document_only","agent_1","persona_3"
175,"integrated","agent_4","persona_3"
175,"memory_only","agent_2","persona_3"
175,"memory_only","agent_4","persona_3"
176,"document_only","agent_4","persona_1"
176,"integrated","agent_1","persona_1"
176,"integrated","agent_3","persona_1"
176,"integrated","agent_4","persona_1"
176,"document_only","agent_4","persona_2"
176,"integrated","agent_1","persona_2"
176,"integrated","agent_3","persona_2"
176,"integrated","agent_4","persona_2"
176,"document_only","agent_4","persona_3"
176,"integrated","agent_1","persona_3"
176,"integrated","agent_3","persona_3"
176,"integrated","agent_4","persona_3"
177,"document_only","agent_2","persona_1"
177,"document_only","agent_3","persona_1"
177,"document_only","agent_4","persona_1"
177,"memory_only","agent_2","persona_1"
177,"document_only","agent_2","persona_2"
177,"document_only","agent_3","persona_2"
177,"document_only","agent_4","persona_2"
177,"memory_only","agent_2","persona_2"
177,"document_only","agent_2","persona_3"
177,"document_only","agent_3","persona_3"
177,"document_only","agent_4","persona_3"
177,"memory_only","agent_2","persona_3"
178,"document_only","agent_1","persona_1"
178,"document_only","agent_2","persona_1"
178,"integrated","agent_3","persona_1"
178,"memory_only","agent_2","persona_1"
178,"document_only","agent_1","persona_2"
178,"document_only","agent_2","persona_2"
178,"integrated","agent_3","persona_2"
178,"memory_only","agent_2","persona_2"
178,"document_only","agent_1","persona_3"
178,"document_only","agent_2","persona_3"
178,"integrated","agent_3","persona_3"
178,"memory_only","agent_2","persona_3"
179,"document_only","agent_4","persona_1"
179,"integrated","agent_4","persona_1"
179,"memory_only","agent_2","persona_1"
179,"memory_only","agent_3","persona_1"
179,"document_only","agent_4","persona_2"
179,"integrated","agent_4","persona_2"
179,"memory_only","agent_2","persona_2"
179,"memory_only","agent_3","persona_2"
179,"document_only","agent_4","persona_3"
179,"integrated","agent_4","persona_3"
179,"memory_only","agent_2","persona_3"
179,"memory_only","agent_3","persona_3"
180,"document_only","agent_2","persona_1"
180,"integrated","agent_2","persona_1"
180,"integrated","agent_3","persona_1"
180,"memory_only","agent_1","persona_1"
180,"document_only","agent_2","persona_2"
180,"integrated","agent_2","persona_2"
180,"integrated","agent_3","persona_2"
180,"memory_only","agent_1","persona_2"
180,"document_only","agent_2","persona_3"
180,"integrated","agent_2","persona_3"
180,"integrated","agent_3","persona_3"
180,"memory_only","agent_1","persona_3"
181,"document_only","agent_2","persona_1"
181,"integrated","agent_2","persona_1"
181,"integrated","agent_4","persona_1"
181,"memory_only","agent_3","persona_1"
181,"document_only","agent_2","persona_2"
181,"integrated","agent_2","persona_2"
181,"integrated","agent_4","persona_2"
181,"memory_only","agent_3","persona_2"
181,"document_only","agent_2","persona_3"
181,"integrated","agent_2","persona_3"
181,"integrated","agent_4","persona_3"
181,"memory_only","agent_3","persona_3"
182,"document_only","agent_1","persona_1"
182,"document_only","agent_3","persona_1"
182,"document_only","agent_4","persona_1"
182,"integrated","agent_1","persona_1"
182,"document_only","agent_1","persona_2"
182,"document_only","agent_3","persona_2"
182,"document_only","agent_4","persona_2"
182,"integrated","agent_1","persona_2"
182,"document_only","agent_1","persona_3"
182,"document_only","agent_3","persona_3"
182,"document_only","agent_4","persona_3"
182,"integrated","agent_1","persona_3"
183,"document_only","agent_1","persona_1"
183,"document_only","agent_2","persona_1"
183,"memory_only","agent_2","persona_1"
183,"memory_only","agent_4","persona_1"
183,"document_only","agent_1","persona_2"
183,"document_only","agent_2","persona_2"
183,"memory_only","agent_2","persona_2"
183,"memory_only","agent_4","persona_2"
183,"document_only","agent_1","persona_3"
183,"document_only","agent_2","persona_3"
183,"memory_only","agent_2","persona_3"
183,"memory_only","agent_4","persona_3"
184,"document_only","agent_4","persona_1"
184,"memory_only","agent_1","persona_1"
184,"memory_only","agent_2","persona_1"
184,"memory_only","agent_4","persona_1"
184,"document_only","agent_4","persona_2"
184,"memory_only","agent_1","persona_2"
184,"memory_only","agent_2","persona_2"
184,"memory_only","agent_4","persona_2"
184,"document_only","agent_4","persona_3"
184,"memory_only","agent_1","persona_3"
184,"memory_only","agent_2","persona_3"
184,"memory_only","agent_4","persona_3"
185,"document_only","agent_1","persona_1"
185,"integrated","agent_1","persona_1"
185,"integrated","agent_2","persona_1"
185,"integrated","agent_4","persona_1"
185,"document_only","agent_1","persona_2"
185,"integrated","agent_1","persona_2"
185,"integrated","agent_2","persona_2"
185,"integrated","agent_4","persona_2"
185,"document_only","agent_1","persona_3"
185,"integrated","agent_1","persona_3"
185,"integrated","agent_2","persona_3"
185,"integrated","agent_4","persona_3"
186,"document_only","agent_1","persona_1"
186,"document_only","agent_4","persona_1"
186,"integrated","agent_3","persona_1"
186,"memory_only","agent_1","persona_1"
186,"document_only","agent_1","persona_2"
186,"document_only","agent_4","persona_2"
186,"integrated","agent_3","persona_2"
186,"memory_only","agent_1","persona_2"
186,"document_only","agent_1","persona_3"
186,"document_only","agent_4","persona_3"
186,"integrated","agent_3","persona_3"
186,"memory_only","agent_1","persona_3"
187,"document_only","agent_1","persona_1"
187,"document_only","agent_3","persona_1"
187,"integrated","agent_2","persona_1"
187,"integrated","agent_3","persona_1"
187,"document_only","agent_1","persona_2"
187,"document_only","agent_3","persona_2"
187,"integrated","agent_2","persona_2"
187,"integrated","agent_3","persona_2"
187,"document_only","agent_1","persona_3"
187,"document_only","agent_3","persona_3"
187,"integrated","agent_2","persona_3"
187,"integrated","agent_3","persona_3"
188,"document_only","agent_4","persona_1"
188,"integrated","agent_1","persona_1"
188,"memory_only","agent_1","persona_1"
188,"memory_only","agent_4","persona_1"
188,"document_only","agent_4","persona_2"
188,"integrated","agent_1","persona_2"
188,"memory_only","agent_1","persona_2"
188,"memory_only","agent_4","persona_2"
188,"document_only","agent_4","persona_3"
188,"integrated","agent_1","persona_3"
188,"memory_only","agent_1","persona_3"
188,"memory_only","agent_4","persona_3"
189,"document_only","agent_2","persona_1"
189,"document_only","agent_4","persona_1"
189,"integrated","agent_1","persona_1"
189,"integrated","agent_4","persona_1"
189,"document_only","agent_2","persona_2"
189,"document_only","agent_4","persona_2"
189,"integrated","agent_1","persona_2"
189,"integrated","agent_4","persona_2"
189,"document_only","agent_2","persona_3"
189,"document_only","agent_4","persona_3"
189,"integrated","agent_1","persona_3"
189,"integrated","agent_4","persona_3"
190,"document_only","agent_3","persona_1"
190,"document_only","agent_4","persona_1"
190,"integrated","agent_3","persona_1"
190,"memory_only","agent_1","persona_1"
190,"document_only","agent_3","persona_2"
190,"document_only","agent_4","persona_2"
190,"integrated","agent_3","persona_2"
190,"memory_only","agent_1","persona_2"
190,"document_only","agent_3","persona_3"
190,"document_only","agent_4","persona_3"
190,"integrated","agent_3","persona_3"
190,"memory_only","agent_1","persona_3"
191,"document_only","agent_2","persona_1"
191,"document_only","agent_4","persona_1"
191,"integrated","agent_3","persona_1"
191,"integrated","agent_4","persona_1"
191,"document_only","agent_2","persona_2"
191,"document_only","agent_4","persona_2"
191,"integrated","agent_3","persona_2"
191,"integrated","agent_4","persona_2"
191,"document_only","agent_2","persona_3"
191,"document_only","agent_4","persona_3"
191,"integrated","agent_3","persona_3"
191,"integrated","agent_4","persona_3"
192,"document_only","agent_3","persona_1"
192,"document_only","agent_4","persona_1"
192,"integrated","agent_4","persona_1"
192,"memory_only","agent_2","persona_1"
192,"document_only","agent_3","persona_2"
192,"document_only","agent_4","persona_2"
192,"integrated","agent_4","persona_2"
192,"memory_only","agent_2","persona_2"
192,"document_only","agent_3","persona_3"
192,"document_only","agent_4","persona_3"
192,"integrated","agent_4","persona_3"
192,"memory_only","agent_2","persona_3"
193,"document_only","agent_2","persona_1"
193,"document_only","agent_4","persona_1"
193,"integrated","agent_3","persona_1"
193,"memory_only","agent_3","persona_1"
193,"document_only","agent_2","persona_2"
193,"document_only","agent_4","persona_2"
193,"integrated","agent_3","persona_2"
193,"memory_only","agent_3","persona_2"
193,"document_only","agent_2","persona_3"
193,"document_only","agent_4","persona_3"
193,"integrated","agent_3","persona_3"
193,"memory_only","agent_3","persona_3"
194,"document_only","agent_2","persona_1"
194,"document_only","agent_3","persona_1"
194,"memory_only","agent_1","persona_1"
194,"memory_only","agent_2","persona_1"
194,"document_only","agent_2","persona_2"
194,"document_only","agent_3","persona_2"
194,"memory_only","agent_1","persona_2"
194,"memory_only","agent_2","persona_2"
194,"document_only","agent_2","persona_3"
194,"document_only","agent_3","persona_3"
194,"memory_only","agent_1","persona_3"
194,"memory_only","agent_2","persona_3"
195,"document_only","agent_4","persona_1"
195,"integrated","agent_2","persona_1"
195,"memory_only","agent_1","persona_1"
195,"memory_only","agent_2","persona_1"
195,"document_only","agent_4","persona_2"
195,"integrated","agent_2","persona_2"
195,"memory_only","agent_1","persona_2"
195,"memory_only","agent_2","persona_2"
195,"document_only","agent_4","persona_3"
195,"integrated","agent_2","persona_3"
195,"memory_only","agent_1","persona_3"
195,"memory_only","agent_2","persona_3"
196,"document_only","agent_3","persona_1"
196,"document_only","agent_4","persona_1"
196,"integrated","agent_1","persona_1"
196,"memory_only","agent_1","persona_1"
196,"document_only","agent_3","persona_2"
196,"document_only","agent_4","persona_2"
196,"integrated","agent_1","persona_2"
196,"memory_only","agent_1","persona_2"
196,"document_only","agent_3","persona_3"
196,"document_only","agent_4","persona_3"
196,"integrated","agent_1","persona_3"
196,"memory_only","agent_1","persona_3"
197,"integrated","agent_2","persona_1"
197,"integrated","agent_4","persona_1"
197,"memory_only","agent_1","persona_1"
197,"memory_only","agent_4","persona_1"
197,"integrated","agent_2","persona_2"
197,"integrated","agent_4","persona_2"
197,"memory_only","agent_1","persona_2"
197,"memory_only","agent_4","persona_2"
197,"integrated","agent_2","persona_3"
197,"integrated","agent_4","persona_3"
197,"memory_only","agent_1","persona_3"
197,"memory_only","agent_4","persona_3"
198,"document_only","agent_4","persona_1"
198,"integrated","agent_3","persona_1"
198,"memory_only","agent_3","persona_1"
198,"memory_only","agent_4","persona_1"
198,"document_only","agent_4","persona_2"
198,"integrated","agent_3","persona_2"
198,"memory_only","agent_3","persona_2"
198,"memory_only","agent_4","persona_2"
198,"document_only","agent_4","persona_3"
198,"integrated","agent_3","persona_3"
198,"memory_only","agent_3","persona_3"
198,"memory_only","agent_4","persona_3"
199,"document_only","agent_1","persona_1"
199,"document_only","agent_4","persona_1"
199,"memory_only","agent_2","persona_1"
199,"memory_only","agent_4","persona_1"
199,"document_only","agent_1","persona_2"
199,"document_only","agent_4","persona_2"
199,"memory_only","agent_2","persona_2"
199,"memory_only","agent_4","persona_2"
199,"document_only","agent_1","persona_3"
199,"document_only","agent_4","persona_3"
199,"memory_only","agent_2","persona_3"
199,"memory_only","agent_4","persona_3"
200,"document_only","agent_1","persona_1"
200,"document_only","agent_4","persona_1"
200,"integrated","agent_3","persona_1"
200,"memory_only","agent_4","persona_1"
200,"document_only","agent_1","persona_2"
200,"document_only","agent_4","persona_2"
200,"integrated","agent_3","persona_2"
200,"memory_only","agent_4","persona_2"
200,"document_only","agent_1","persona_3"
200,"document_only","agent_4","persona_3"
200,"integrated","agent_3","persona_3"
200,"memory_only","agent_4","persona_3"
201,"document_only","agent_1","persona_1"
201,"integrated","agent_1","persona_1"
201,"memory_only","agent_1","persona_1"
201,"memory_only","agent_3","persona_1"
201,"document_only","agent_1","persona_2"
201,"integrated","agent_1","persona_2"
201,"memory_only","agent_1","persona_2"
201,"memory_only","agent_3","persona_2"
201,"document_only","agent_1","persona_3"
201,"integrated","agent_1","persona_3"
201,"memory_only","agent_1","persona_3"
201,"memory_only","agent_3","persona_3"
202,"document_only","agent_2","persona_1"
202,"integrated","agent_2","persona_1"
202,"integrated","agent_3","persona_1"
202,"memory_only","agent_3","persona_1"
202,"document_only","agent_2","persona_2"
202,"integrated","agent_2","persona_2"
202,"integrated","agent_3","persona_2"
202,"memory_only","agent_3","persona_2"
202,"document_only","agent_2","persona_3"
202,"integrated","agent_2","persona_3"
202,"integrated","agent_3","persona_3"
202,"memory_only","agent_3","persona_3"
203,"integrated","agent_2","persona_1"
203,"integrated","agent_3","persona_1"
203,"integrated","agent_4","persona_1"
203,"memory_only","agent_4","persona_1"
203,"integrated","agent_2","persona_2"
203,"integrated","agent_3","persona_2"
203,"integrated","agent_4","persona_2"
203,"memory_only","agent_4","persona_2"
203,"integrated","agent_2","persona_3"
203,"integrated","agent_3","persona_3"
203,"integrated","agent_4","persona_3"
203,"memory_only","agent_4","persona_3"
204,"document_only","agent_1","persona_1"
204,"document_only","agent_3","persona_1"
204,"integrated","agent_2","persona_1"
204,"memory_only","agent_3","persona_1"
204,"document_only","agent_1","persona_2"
204,"document_only","agent_3","persona_2"
204,"integrated","agent_2","persona_2"
204,"memory_only","agent_3","persona_2"
204,"document_only","agent_1","persona_3"
204,"document_only","agent_3","persona_3"
204,"integrated","agent_2","persona_3"
204,"memory_only","agent_3","persona_3"
205,"document_only","agent_2","persona_1"
205,"integrated","agent_3","persona_1"
205,"integrated","agent_4","persona_1"
205,"memory_only","agent_4","persona_1"
205,"document_only","agent_2","persona_2"
205,"integrated","agent_3","persona_2"
205,"integrated","agent_4","persona_2"
205,"memory_only","agent_4","persona_2"
205,"document_only","agent_2","persona_3"
205,"integrated","agent_3","persona_3"
205,"integrated","agent_4","persona_3"
205,"memory_only","agent_4","persona_3"
206,"integrated","agent_2","persona_1"
206,"integrated","agent_3","persona_1"
206,"memory_only","agent_3","persona_1"
206,"memory_only","agent_4","persona_1"
206,"integrated","agent_2","persona_2"
206,"integrated","agent_3","persona_2"
206,"memory_only","agent_3","persona_2"
206,"memory_only","agent_4","persona_2"
206,"integrated","agent_2","persona_3"
206,"integrated","agent_3","persona_3"
206,"memory_only","agent_3","persona_3"
206,"memory_only","agent_4","persona_3"
207,"document_only","agent_3","persona_1"
207,"integrated","agent_1","persona_1"
207,"memory_only","agent_2","persona_1"
207,"memory_only","agent_4","persona_1"
207,"document_only","agent_3","persona_2"
207,"integrated","agent_1","persona_2"
207,"memory_only","agent_2","persona_2"
207,"memory_only","agent_4","persona_2"
207,"document_only","agent_3","persona_3"
207,"integrated","agent_1","persona_3"
207,"memory_only","agent_2","persona_3"
207,"memory_only","agent_4","persona_3"
208,"document_only","agent_2","persona_1"
208,"integrated","agent_3","persona_1"
208,"integrated","agent_4","persona_1"
208,"memory_only","agent_1","persona_1"
208,"document_only","agent_2","persona_2"
208,"integrated","agent_3","persona_2"
208,"integrated","agent_4","persona_2"
208,"memory_only","agent_1","persona_2"
208,"document_only","agent_2","persona_3"
208,"integrated","agent_3","persona_3"
208,"integrated","agent_4","persona_3"
208,"memory_only","agent_1","persona_3"
209,"document_only","agent_2","persona_1"
209,"memory_only","agent_1","persona_1"
209,"memory_only","agent_2","persona_1"
209,"memory_only","agent_3","persona_1"
209,"document_only","agent_2","persona_2"
209,"memory_only","agent_1","persona_2"
209,"memory_only","agent_2","persona_2"
209,"memory_only","agent_3","persona_2"
209,"document_only","agent_2","persona_3"
209,"memory_only","agent_1","persona_3"
209,"memory_only","agent_2","persona_3"
209,"memory_only","agent_3","persona_3"
210,"document_only","agent_3","persona_1"
210,"document_only","agent_4","persona_1"
210,"integrated","agent_2","persona_1"
210,"memory_only","agent_3","persona_1"
210,"document_only","agent_3","persona_2"
210,"document_only","agent_4","persona_2"
210,"integrated","agent_2","persona_2"
210,"memory_only","agent_3","persona_2"
210,"document_only","agent_3","persona_3"
210,"document_only","agent_4","persona_3"
210,"integrated","agent_2","persona_3"
210,"memory_only","agent_3","persona_3"
